Economic_Freedom_Indicator,Lag_Years,Gini_Index_Correlation,Unemployment_Rate_Correlation,HDI_Correlation,Life_Expectancy_Correlation,Extreme_Poverty_Share_Correlation,Inflation_Rate_Correlation,Foreign_Aid_Received_Correlation,Foreign_Aid_Given_Correlation,Gini_Index_P_Value,Unemployment_Rate_P_Value,HDI_P_Value,Life_Expectancy_P_Value,Extreme_Poverty_Share_P_Value,Inflation_Rate_P_Value,Foreign_Aid_Received_P_Value,Foreign_Aid_Given_P_Value,Gini_Index_Sample_Size,Unemployment_Rate_Sample_Size,HDI_Sample_Size,Life_Expectancy_Sample_Size,Extreme_Poverty_Share_Sample_Size,Inflation_Rate_Sample_Size,Foreign_Aid_Received_Sample_Size,Foreign_Aid_Given_Sample_Size,Gini_Index_CI_Lower,Gini_Index_CI_Upper,Unemployment_Rate_CI_Lower,Unemployment_Rate_CI_Upper,HDI_CI_Lower,HDI_CI_Upper,Life_Expectancy_CI_Lower,Life_Expectancy_CI_Upper,Extreme_Poverty_Share_CI_Lower,Extreme_Poverty_Share_CI_Upper,Inflation_Rate_CI_Lower,Inflation_Rate_CI_Upper,Foreign_Aid_Received_CI_Lower,Foreign_Aid_Received_CI_Upper,Foreign_Aid_Given_CI_Lower,Foreign_Aid_Given_CI_Upper,Gini_Index_Strength,Unemployment_Rate_Strength,HDI_Strength,Life_Expectancy_Strength,Extreme_Poverty_Share_Strength,Inflation_Rate_Strength,Foreign_Aid_Received_Strength,Foreign_Aid_Given_Strength,Gini_Index_Significance,Unemployment_Rate_Significance,HDI_Significance,Life_Expectancy_Significance,Extreme_Poverty_Share_Significance,Inflation_Rate_Significance,Foreign_Aid_Received_Significance,Foreign_Aid_Given_Significance
Business Freedom,0,-0.3313,0.03,0.6804,0.6229,-0.4867,-0.122,-0.2236,0.3366,0.0,0.2201,0.0,0.0,0.0,0.0,0.0,0.0,1709,1670,1652,1679,1505,1635,929,707,-0.3728,-0.2884,-0.018,0.0779,0.6537,0.7055,0.5928,0.6514,-0.5243,-0.4472,-0.1694,-0.0739,-0.2839,-0.1616,0.2696,0.4004,Moderate,Very Weak,Strong,Strong,Moderate,Weak,Weak,Moderate,Significant,Not Significant,Significant,Significant,Significant,Significant,Significant,Significant
Business Freedom (1-year lag),1,-0.3183,0.0381,0.6682,0.6093,-0.4528,-0.1206,-0.2022,0.3356,0.0,0.1349,0.0,0.0,0.0,0.0,0.0,0.0,1572,1539,1528,1545,1388,1511,830,686,-0.3621,-0.2732,-0.0119,0.0879,0.6395,0.6951,0.577,0.6398,-0.4937,-0.41,-0.17,-0.0706,-0.2665,-0.136,0.2674,0.4004,Moderate,Very Weak,Strong,Strong,Moderate,Weak,Weak,Moderate,Significant,Not Significant,Significant,Significant,Significant,Significant,Significant,Significant
Business Freedom (10-year lag),10,-0.2935,-0.0208,0.646,0.6002,-0.376,-0.2818,-0.0697,0.2989,0.0,0.5655,0.0,0.0,0.0,0.0,0.1911,0.0,785,769,769,769,702,751,353,427,-0.3562,-0.2282,-0.0913,0.05,0.6029,0.6854,0.5529,0.6435,-0.4378,-0.3106,-0.3463,-0.2146,-0.1729,0.0349,0.2099,0.3829,Weak,Very Weak,Strong,Strong,Moderate,Weak,Very Weak,Weak,Significant,Not Significant,Significant,Significant,Significant,Significant,Not Significant,Significant
Business Freedom (15-year lag),15,-0.2248,0.0016,0.5983,0.5974,-0.3776,-0.1599,-0.1296,0.1848,0.0,0.9722,0.0,0.0,0.0,0.0005,0.0543,0.0025,488,477,477,477,419,464,221,265,-0.3074,-0.1388,-0.0882,0.0914,0.5374,0.653,0.5364,0.6522,-0.4569,-0.2924,-0.2473,-0.0698,-0.2572,0.0024,0.0657,0.2986,Weak,Very Weak,Strong,Strong,Moderate,Weak,Weak,Weak,Significant,Not Significant,Significant,Significant,Significant,Significant,Not Significant,Significant
Business Freedom (2-year lag),2,-0.3218,0.0476,0.6638,0.6064,-0.4202,-0.1948,-0.1733,0.333,0.0,0.0733,0.0,0.0,0.0,0.0,0.0,0.0,1446,1417,1409,1421,1278,1391,740,662,-0.3673,-0.2748,-0.0045,0.0994,0.6336,0.6921,0.5725,0.6383,-0.4643,-0.3739,-0.2449,-0.1437,-0.2424,-0.1025,0.2635,0.3991,Moderate,Very Weak,Strong,Strong,Moderate,Weak,Weak,Moderate,Significant,Not Significant,Significant,Significant,Significant,Significant,Significant,Significant
Business Freedom (20-year lag),20,-0.1407,-0.0275,0.5698,0.5876,-0.4214,-0.1742,-0.1931,0.1859,0.0334,0.6831,0.0,0.0,0.0,0.0105,0.0413,0.0519,229,223,223,223,179,215,112,110,-0.2655,-0.0112,-0.1583,0.1043,0.4739,0.6523,0.4944,0.6675,-0.535,-0.2928,-0.301,-0.0413,-0.3656,-0.0079,-0.0014,0.3606,Weak,Very Weak,Strong,Strong,Moderate,Weak,Weak,Weak,Significant,Not Significant,Significant,Significant,Significant,Significant,Significant,Not Significant
Business Freedom (25-year lag),25,,,,,,,,,,,,,,,,,0,0,0,0,0,0,0,0,,,,,,,,,,,,,,,,,Insufficient Data,Insufficient Data,Insufficient Data,Insufficient Data,Insufficient Data,Insufficient Data,Insufficient Data,Insufficient Data,Insufficient Data,Insufficient Data,Insufficient Data,Insufficient Data,Insufficient Data,Insufficient Data,Insufficient Data,Insufficient Data
Business Freedom (3-year lag),3,-0.3316,0.0525,0.6536,0.5994,-0.375,-0.2411,-0.1793,0.3289,0.0,0.0582,0.0,0.0,0.0,0.0,0.0,0.0,1329,1303,1297,1306,1178,1278,658,637,-0.3786,-0.2829,-0.0018,0.1065,0.6212,0.6837,0.5634,0.633,-0.423,-0.3248,-0.2921,-0.1887,-0.2522,-0.1043,0.2578,0.3964,Moderate,Very Weak,Strong,Strong,Moderate,Weak,Weak,Moderate,Significant,Not Significant,Significant,Significant,Significant,Significant,Significant,Significant
Business Freedom (4-year lag),4,-0.3404,0.0435,0.6428,0.5885,-0.3374,-0.3147,-0.1542,0.3258,0.0,0.132,0.0,0.0,0.0,0.0,0.0002,0.0,1224,1200,1196,1202,1089,1176,587,610,-0.3891,-0.2899,-0.0131,0.0998,0.6082,0.6749,0.5503,0.6243,-0.389,-0.2837,-0.3653,-0.2623,-0.2322,-0.0742,0.2529,0.395,Moderate,Very Weak,Strong,Strong,Moderate,Moderate,Weak,Moderate,Significant,Not Significant,Significant,Significant,Significant,Significant,Significant,Significant
Business Freedom (5-year lag),5,-0.3382,0.0253,0.6396,0.584,-0.3072,-0.3319,-0.1081,0.3206,0.0,0.4005,0.0,0.0,0.0,0.0,0.013,0.0,1130,1108,1105,1109,1011,1085,528,582,-0.3888,-0.2855,-0.0337,0.084,0.6034,0.6732,0.5439,0.6215,-0.362,-0.2503,-0.3838,-0.2778,-0.1916,-0.0229,0.2458,0.3917,Moderate,Very Weak,Strong,Strong,Moderate,Moderate,Weak,Moderate,Significant,Not Significant,Significant,Significant,Significant,Significant,Significant,Significant
Business Freedom (6-year lag),6,-0.3345,0.0085,0.6475,0.5906,-0.3255,-0.3282,-0.0477,0.3218,0.0,0.7845,0.0,0.0,0.0,0.0,0.2952,0.0,1050,1030,1028,1030,943,1007,483,553,-0.3871,-0.2796,-0.0526,0.0696,0.6105,0.6816,0.5494,0.629,-0.3814,-0.2672,-0.3822,-0.2719,-0.1364,0.0417,0.245,0.3946,Moderate,Very Weak,Strong,Strong,Moderate,Moderate,Very Weak,Moderate,Significant,Not Significant,Significant,Significant,Significant,Significant,Not Significant,Significant
Business Freedom (7-year lag),7,-0.325,-0.0057,0.6516,0.5928,-0.3425,-0.3291,-0.0746,0.3184,0.0,0.8603,0.0,0.0,0.0,0.0,0.1148,0.0,981,962,961,962,882,941,448,522,-0.3798,-0.2678,-0.0689,0.0575,0.6137,0.6866,0.5502,0.6323,-0.3995,-0.2829,-0.3849,-0.2709,-0.1661,0.0182,0.2391,0.3934,Moderate,Very Weak,Strong,Strong,Moderate,Moderate,Very Weak,Moderate,Significant,Not Significant,Significant,Significant,Significant,Significant,Not Significant,Significant
Business Freedom (8-year lag),8,-0.3096,-0.0176,0.655,0.597,-0.3741,-0.3165,-0.0911,0.3156,0.0,0.5988,0.0,0.0,0.0,0.0,0.0638,0.0,914,896,896,896,821,876,415,491,-0.3671,-0.2498,-0.083,0.048,0.616,0.6909,0.5532,0.6376,-0.4315,-0.3138,-0.3749,-0.2557,-0.1857,0.0052,0.2336,0.3931,Moderate,Very Weak,Strong,Strong,Moderate,Moderate,Very Weak,Moderate,Significant,Not Significant,Significant,Significant,Significant,Significant,Not Significant,Significant
Business Freedom (9-year lag),9,-0.3007,-0.0191,0.6508,0.5982,-0.3727,-0.3078,-0.0842,0.3124,0.0,0.5823,0.0,0.0,0.0,0.0,0.0994,0.0,849,832,832,832,761,813,384,459,-0.3607,-0.2382,-0.087,0.0489,0.6098,0.6883,0.5527,0.6402,-0.4323,-0.3098,-0.3688,-0.2442,-0.1827,0.016,0.2274,0.3927,Moderate,Very Weak,Strong,Strong,Moderate,Moderate,Very Weak,Moderate,Significant,Not Significant,Significant,Significant,Significant,Significant,Not Significant,Significant
Financial Freedom,0,-0.123,0.0134,0.4983,0.4606,-0.3655,-0.1116,-0.1154,0.1195,0.0,0.5829,0.0,0.0,0.0,0.0,0.0004,0.0015,1709,1670,1652,1679,1505,1635,929,707,-0.1694,-0.076,-0.0345,0.0614,0.4611,0.5337,0.422,0.4974,-0.4085,-0.3209,-0.1592,-0.0635,-0.1784,-0.0515,0.0462,0.1916,Weak,Very Weak,Moderate,Moderate,Moderate,Weak,Weak,Weak,Significant,Not Significant,Significant,Significant,Significant,Significant,Significant,Significant
Financial Freedom (1-year lag),1,-0.1056,0.0218,0.4811,0.4424,-0.3361,-0.1028,-0.1418,0.1216,0.0,0.3919,0.0,0.0,0.0,0.0001,0.0,0.0014,1572,1539,1528,1545,1388,1511,830,686,-0.1542,-0.0564,-0.0282,0.0717,0.4416,0.5187,0.4014,0.4817,-0.382,-0.2886,-0.1524,-0.0526,-0.2079,-0.0745,0.0472,0.1947,Weak,Very Weak,Moderate,Moderate,Moderate,Weak,Weak,Weak,Significant,Not Significant,Significant,Significant,Significant,Significant,Significant,Significant
Financial Freedom (10-year lag),10,-0.1174,-0.0335,0.3803,0.3829,-0.2063,-0.2675,0.0214,0.0935,0.001,0.3538,0.0,0.0,0.0,0.0,0.6881,0.0536,785,769,769,769,702,751,353,427,-0.1858,-0.0478,-0.1039,0.0373,0.3182,0.4392,0.3209,0.4417,-0.276,-0.1343,-0.3327,-0.1998,-0.0831,0.1255,-0.0014,0.1867,Weak,Very Weak,Moderate,Moderate,Weak,Weak,Very Weak,Very Weak,Significant,Not Significant,Significant,Significant,Significant,Significant,Not Significant,Not Significant
Financial Freedom (15-year lag),15,-0.081,-0.1287,0.3497,0.3446,-0.2193,-0.18,-0.0547,0.0936,0.0739,0.0049,0.0,0.0,0.0,0.0001,0.4186,0.1285,488,477,477,477,419,464,221,265,-0.1685,0.0078,-0.216,-0.0394,0.2684,0.4262,0.2629,0.4213,-0.3086,-0.1262,-0.2666,-0.0904,-0.1853,0.0779,-0.0272,0.2117,Very Weak,Weak,Moderate,Moderate,Weak,Weak,Very Weak,Very Weak,Not Significant,Significant,Significant,Significant,Significant,Significant,Not Significant,Not Significant
Financial Freedom (2-year lag),2,-0.0977,0.0268,0.4608,0.4255,-0.2979,-0.2018,-0.1381,0.1228,0.0002,0.3139,0.0,0.0,0.0,0.0,0.0002,0.0016,1446,1417,1409,1421,1278,1391,740,662,-0.1485,-0.0464,-0.0253,0.0787,0.4187,0.501,0.3819,0.4671,-0.347,-0.2471,-0.2517,-0.1509,-0.2081,-0.0667,0.047,0.1971,Very Weak,Very Weak,Moderate,Moderate,Weak,Weak,Weak,Weak,Significant,Not Significant,Significant,Significant,Significant,Significant,Significant,Significant
Financial Freedom (20-year lag),20,0.0381,-0.1486,0.2952,0.3549,-0.2263,-0.0989,-0.1647,0.1876,0.5666,0.0265,0.0,0.0,0.0023,0.1485,0.0826,0.0497,229,223,223,223,179,215,112,110,-0.092,0.1669,-0.2746,-0.0175,0.1704,0.4106,0.2344,0.4646,-0.3609,-0.0823,-0.2296,0.0354,-0.3399,0.0215,0.0004,0.3621,Very Weak,Weak,Weak,Moderate,Weak,Very Weak,Weak,Weak,Not Significant,Significant,Significant,Significant,Significant,Not Significant,Not Significant,Significant
Financial Freedom (25-year lag),25,,,,,,,,,,,,,,,,,0,0,0,0,0,0,0,0,,,,,,,,,,,,,,,,,Insufficient Data,Insufficient Data,Insufficient Data,Insufficient Data,Insufficient Data,Insufficient Data,Insufficient Data,Insufficient Data,Insufficient Data,Insufficient Data,Insufficient Data,Insufficient Data,Insufficient Data,Insufficient Data,Insufficient Data,Insufficient Data
Financial Freedom (3-year lag),3,-0.0985,0.0238,0.4435,0.4161,-0.2599,-0.2474,-0.1229,0.1206,0.0003,0.3898,0.0,0.0,0.0,0.0,0.0016,0.0023,1329,1303,1297,1306,1178,1278,658,637,-0.1515,-0.045,-0.0305,0.0781,0.3987,0.4862,0.3702,0.46,-0.3124,-0.2058,-0.2982,-0.1952,-0.1975,-0.047,0.0433,0.1964,Very Weak,Very Weak,Moderate,Moderate,Weak,Weak,Weak,Weak,Significant,Not Significant,Significant,Significant,Significant,Significant,Significant,Significant
Financial Freedom (4-year lag),4,-0.1085,0.0302,0.4255,0.4054,-0.2192,-0.3238,-0.1015,0.1151,0.0001,0.2961,0.0,0.0,0.0,0.0,0.0139,0.0044,1224,1200,1196,1202,1089,1176,587,610,-0.1636,-0.0528,-0.0264,0.0866,0.3779,0.4708,0.357,0.4516,-0.275,-0.1619,-0.3741,-0.2717,-0.1809,-0.0207,0.0361,0.1928,Weak,Very Weak,Moderate,Moderate,Weak,Moderate,Weak,Weak,Significant,Not Significant,Significant,Significant,Significant,Significant,Significant,Significant
Financial Freedom (5-year lag),5,-0.1083,0.0335,0.4036,0.3912,-0.1791,-0.3289,-0.076,0.1054,0.0003,0.265,0.0,0.0,0.0,0.0,0.0812,0.011,1130,1108,1105,1109,1011,1085,528,582,-0.1656,-0.0503,-0.0254,0.0922,0.353,0.4518,0.3401,0.4399,-0.2382,-0.1188,-0.3809,-0.2747,-0.1603,0.0094,0.0243,0.1851,Weak,Very Weak,Moderate,Moderate,Weak,Moderate,Very Weak,Weak,Significant,Not Significant,Significant,Significant,Significant,Significant,Not Significant,Significant
Financial Freedom (6-year lag),6,-0.1094,0.0266,0.3833,0.3799,-0.1418,-0.3118,0.0152,0.1009,0.0004,0.3931,0.0,0.0,0.0,0.0,0.739,0.0176,1050,1030,1028,1030,943,1007,483,553,-0.1688,-0.0493,-0.0345,0.0876,0.3298,0.4342,0.3264,0.431,-0.2038,-0.0787,-0.3665,-0.2549,-0.0741,0.1043,0.0177,0.1828,Weak,Very Weak,Moderate,Moderate,Weak,Moderate,Very Weak,Weak,Significant,Not Significant,Significant,Significant,Significant,Significant,Not Significant,Significant
Financial Freedom (7-year lag),7,-0.1136,0.0198,0.3797,0.3798,-0.1575,-0.3104,0.0591,0.0951,0.0004,0.539,0.0,0.0,0.0,0.0,0.212,0.0298,981,962,961,962,882,941,448,522,-0.1749,-0.0514,-0.0434,0.0829,0.3242,0.4325,0.3243,0.4326,-0.2212,-0.0925,-0.367,-0.2515,-0.0338,0.1509,0.0094,0.1795,Weak,Very Weak,Moderate,Moderate,Weak,Moderate,Very Weak,Very Weak,Significant,Not Significant,Significant,Significant,Significant,Significant,Not Significant,Significant
Financial Freedom (8-year lag),8,-0.1158,0.0035,0.3798,0.3808,-0.194,-0.297,0.0375,0.0897,0.0004,0.9155,0.0,0.0,0.0,0.0,0.4461,0.0471,914,896,896,896,821,876,415,491,-0.1793,-0.0514,-0.062,0.069,0.3223,0.4345,0.3234,0.4355,-0.2589,-0.1272,-0.3563,-0.2354,-0.059,0.1333,0.0012,0.1767,Weak,Very Weak,Moderate,Moderate,Weak,Weak,Very Weak,Very Weak,Significant,Not Significant,Significant,Significant,Significant,Significant,Not Significant,Significant
Financial Freedom (9-year lag),9,-0.1157,-0.0138,0.3801,0.382,-0.1977,-0.2893,0.0405,0.0898,0.0007,0.6905,0.0,0.0,0.0,0.0,0.4289,0.0544,849,832,832,832,761,813,384,459,-0.1816,-0.0488,-0.0817,0.0542,0.3204,0.4367,0.3224,0.4385,-0.2651,-0.1285,-0.3511,-0.225,-0.0598,0.14,-0.0017,0.1799,Weak,Very Weak,Moderate,Moderate,Weak,Weak,Very Weak,Very Weak,Significant,Not Significant,Significant,Significant,Significant,Significant,Not Significant,Not Significant
Fiscal Health,0,-0.3243,-0.2435,0.2675,0.1698,-0.3288,-0.1369,-0.1317,-0.1982,0.0,0.0,0.0,0.0006,0.0,0.0061,0.0511,0.0061,417,402,404,409,341,400,220,190,-0.4076,-0.2356,-0.3334,-0.1493,0.1745,0.3558,0.0741,0.2625,-0.4203,-0.2306,-0.2319,-0.0394,-0.2594,0.0006,-0.3312,-0.0575,Moderate,Weak,Weak,Weak,Moderate,Weak,Weak,Weak,Significant,Significant,Significant,Significant,Significant,Significant,Not Significant,Significant
Fiscal Health (1-year lag),1,-0.2928,-0.2893,0.2333,0.153,-0.2268,0.0585,-0.0541,-0.2129,0.0,0.0,0.0001,0.0081,0.0004,0.3196,0.5192,0.0076,305,294,294,298,238,291,144,156,-0.3922,-0.1866,-0.3907,-0.1809,0.1222,0.3386,0.0401,0.2621,-0.344,-0.1025,-0.0568,0.1724,-0.2158,0.1104,-0.3581,-0.0577,Weak,Weak,Weak,Weak,Weak,Very Weak,Very Weak,Weak,Significant,Significant,Significant,Significant,Significant,Not Significant,Not Significant,Significant
Fiscal Health (10-year lag),10,,,,,,,,,,,,,,,,,0,0,0,0,0,0,0,0,,,,,,,,,,,,,,,,,Insufficient Data,Insufficient Data,Insufficient Data,Insufficient Data,Insufficient Data,Insufficient Data,Insufficient Data,Insufficient Data,Insufficient Data,Insufficient Data,Insufficient Data,Insufficient Data,Insufficient Data,Insufficient Data,Insufficient Data,Insufficient Data
Fiscal Health (15-year lag),15,,,,,,,,,,,,,,,,,0,0,0,0,0,0,0,0,,,,,,,,,,,,,,,,,Insufficient Data,Insufficient Data,Insufficient Data,Insufficient Data,Insufficient Data,Insufficient Data,Insufficient Data,Insufficient Data,Insufficient Data,Insufficient Data,Insufficient Data,Insufficient Data,Insufficient Data,Insufficient Data,Insufficient Data,Insufficient Data
Fiscal Health (2-year lag),2,-0.2755,-0.3319,0.1522,0.0457,-0.1527,0.183,0.0437,-0.2269,0.0,0.0,0.0243,0.4982,0.0496,0.007,0.6629,0.0119,228,219,219,222,166,216,102,122,-0.3914,-0.151,-0.4449,-0.2085,0.02,0.2791,-0.0865,0.1763,-0.2981,-0.0003,0.0507,0.309,-0.1521,0.2362,-0.389,-0.0512,Weak,Moderate,Weak,Very Weak,Weak,Weak,Very Weak,Weak,Significant,Significant,Significant,Not Significant,Significant,Significant,Not Significant,Significant
Fiscal Health (20-year lag),20,,,,,,,,,,,,,,,,,0,0,0,0,0,0,0,0,,,,,,,,,,,,,,,,,Insufficient Data,Insufficient Data,Insufficient Data,Insufficient Data,Insufficient Data,Insufficient Data,Insufficient Data,Insufficient Data,Insufficient Data,Insufficient Data,Insufficient Data,Insufficient Data,Insufficient Data,Insufficient Data,Insufficient Data,Insufficient Data
Fiscal Health (25-year lag),25,,,,,,,,,,,,,,,,,0,0,0,0,0,0,0,0,,,,,,,,,,,,,,,,,Insufficient Data,Insufficient Data,Insufficient Data,Insufficient Data,Insufficient Data,Insufficient Data,Insufficient Data,Insufficient Data,Insufficient Data,Insufficient Data,Insufficient Data,Insufficient Data,Insufficient Data,Insufficient Data,Insufficient Data,Insufficient Data
Fiscal Health (3-year lag),3,-0.2657,-0.3032,0.1136,-0.0338,-0.0821,0.2184,0.0052,-0.2479,0.0005,0.0001,0.154,0.6704,0.396,0.006,0.9646,0.0192,166,159,159,161,109,157,74,89,-0.4018,-0.1182,-0.4382,-0.1548,-0.0428,0.2646,-0.1875,0.1215,-0.2661,0.1077,0.064,0.3626,-0.2235,0.2335,-0.4337,-0.0418,Weak,Moderate,Weak,Very Weak,Very Weak,Weak,Very Weak,Weak,Significant,Significant,Not Significant,Not Significant,Not Significant,Significant,Not Significant,Significant
Fiscal Health (4-year lag),4,-0.2567,-0.3276,0.0472,-0.0928,-0.0591,0.2269,,-0.2379,0.0073,0.0007,0.636,0.3487,0.6596,0.0225,,0.0774,108,103,103,104,58,101,0,56,-0.4251,-0.0712,-0.4901,-0.1432,-0.1477,0.2385,-0.2804,0.1016,-0.3126,0.2023,0.0329,0.4044,,,-0.4714,0.0266,Weak,Moderate,Very Weak,Very Weak,Very Weak,Weak,Insufficient Data,Weak,Significant,Significant,Not Significant,Not Significant,Not Significant,Significant,Insufficient Data,Not Significant
Fiscal Health (5-year lag),5,-0.1984,-0.2784,-0.0551,-0.1951,,0.1718,,,0.139,0.0415,0.6922,0.1575,,0.2233,,,57,54,54,54,0,52,0,0,-0.4364,0.0656,-0.5083,-0.0115,-0.3182,0.2158,-0.4399,0.0767,,,-0.1061,0.4248,,,,,Weak,Weak,Very Weak,Weak,Insufficient Data,Weak,Insufficient Data,Insufficient Data,Not Significant,Significant,Not Significant,Not Significant,Insufficient Data,Not Significant,Insufficient Data,Insufficient Data
Fiscal Health (6-year lag),6,,,,,,,,,,,,,,,,,0,0,0,0,0,0,0,0,,,,,,,,,,,,,,,,,Insufficient Data,Insufficient Data,Insufficient Data,Insufficient Data,Insufficient Data,Insufficient Data,Insufficient Data,Insufficient Data,Insufficient Data,Insufficient Data,Insufficient Data,Insufficient Data,Insufficient Data,Insufficient Data,Insufficient Data,Insufficient Data
Fiscal Health (7-year lag),7,,,,,,,,,,,,,,,,,0,0,0,0,0,0,0,0,,,,,,,,,,,,,,,,,Insufficient Data,Insufficient Data,Insufficient Data,Insufficient Data,Insufficient Data,Insufficient Data,Insufficient Data,Insufficient Data,Insufficient Data,Insufficient Data,Insufficient Data,Insufficient Data,Insufficient Data,Insufficient Data,Insufficient Data,Insufficient Data
Fiscal Health (8-year lag),8,,,,,,,,,,,,,,,,,0,0,0,0,0,0,0,0,,,,,,,,,,,,,,,,,Insufficient Data,Insufficient Data,Insufficient Data,Insufficient Data,Insufficient Data,Insufficient Data,Insufficient Data,Insufficient Data,Insufficient Data,Insufficient Data,Insufficient Data,Insufficient Data,Insufficient Data,Insufficient Data,Insufficient Data,Insufficient Data
Fiscal Health (9-year lag),9,,,,,,,,,,,,,,,,,0,0,0,0,0,0,0,0,,,,,,,,,,,,,,,,,Insufficient Data,Insufficient Data,Insufficient Data,Insufficient Data,Insufficient Data,Insufficient Data,Insufficient Data,Insufficient Data,Insufficient Data,Insufficient Data,Insufficient Data,Insufficient Data,Insufficient Data,Insufficient Data,Insufficient Data,Insufficient Data
Government Integrity,0,-0.4064,-0.0812,0.7253,0.6704,-0.4539,-0.1353,-0.2264,0.3631,0.0,0.0009,0.0,0.0,0.0,0.0,0.0,0.0,1709,1670,1652,1679,1505,1635,929,707,-0.4453,-0.3661,-0.1287,-0.0334,0.7016,0.7474,0.6432,0.6959,-0.4931,-0.4129,-0.1826,-0.0874,-0.2865,-0.1644,0.2973,0.4255,Moderate,Very Weak,Very Strong,Strong,Moderate,Weak,Weak,Moderate,Significant,Significant,Significant,Significant,Significant,Significant,Significant,Significant
Government Integrity (1-year lag),1,-0.4009,-0.0886,0.7312,0.6848,-0.4366,-0.1188,-0.2573,0.3679,0.0,0.0005,0.0,0.0,0.0,0.0,0.0,0.0,1572,1539,1528,1545,1388,1511,830,686,-0.4416,-0.3586,-0.138,-0.0388,0.707,0.7538,0.6574,0.7104,-0.4782,-0.393,-0.1682,-0.0687,-0.3197,-0.1926,0.3013,0.4309,Moderate,Very Weak,Very Strong,Strong,Moderate,Weak,Weak,Moderate,Significant,Significant,Significant,Significant,Significant,Significant,Significant,Significant
Government Integrity (10-year lag),10,-0.4033,-0.0729,0.7855,0.7775,-0.472,-0.2603,-0.1815,0.4062,0.0,0.0433,0.0,0.0,0.0,0.0,0.0006,0.0,785,769,769,769,702,751,353,427,-0.4603,-0.343,-0.1429,-0.0022,0.7568,0.8111,0.7479,0.804,-0.5275,-0.4124,-0.3258,-0.1924,-0.2805,-0.0786,0.3238,0.4825,Moderate,Very Weak,Very Strong,Very Strong,Moderate,Weak,Weak,Moderate,Significant,Significant,Significant,Significant,Significant,Significant,Significant,Significant
Government Integrity (15-year lag),15,-0.3754,-0.0854,0.7694,0.7876,-0.4471,-0.2622,-0.2452,0.4219,0.0,0.0623,0.0,0.0,0.0,0.0,0.0002,0.0,488,477,477,477,419,464,221,265,-0.4492,-0.2965,-0.1739,0.0044,0.73,0.8037,0.7509,0.8195,-0.5206,-0.3671,-0.345,-0.1754,-0.3653,-0.117,0.3175,0.5161,Moderate,Very Weak,Very Strong,Very Strong,Moderate,Weak,Weak,Moderate,Significant,Not Significant,Significant,Significant,Significant,Significant,Significant,Significant
Government Integrity (2-year lag),2,-0.3979,-0.0868,0.7378,0.7024,-0.4246,-0.2134,-0.2538,0.3713,0.0,0.0011,0.0,0.0,0.0,0.0,0.0,0.0,1446,1417,1409,1421,1278,1391,740,662,-0.4404,-0.3536,-0.1382,-0.0348,0.7131,0.7607,0.6751,0.7278,-0.4685,-0.3786,-0.263,-0.1627,-0.32,-0.1851,0.3037,0.4352,Moderate,Very Weak,Very Strong,Very Strong,Moderate,Weak,Weak,Moderate,Significant,Significant,Significant,Significant,Significant,Significant,Significant,Significant
Government Integrity (20-year lag),20,-0.2979,-0.1104,0.6958,0.7382,-0.4235,-0.2091,-0.3224,0.4776,0.0,0.1001,0.0,0.0,0.0,0.0021,0.0005,0.0,229,223,223,223,179,215,112,110,-0.4116,-0.175,-0.2383,0.0213,0.6213,0.7579,0.672,0.7927,-0.5368,-0.2951,-0.3335,-0.0774,-0.4793,-0.1455,0.3189,0.6103,Weak,Weak,Strong,Very Strong,Moderate,Weak,Moderate,Moderate,Significant,Not Significant,Significant,Significant,Significant,Significant,Significant,Significant
Government Integrity (25-year lag),25,,,,,,,,,,,,,,,,,0,0,0,0,0,0,0,0,,,,,,,,,,,,,,,,,Insufficient Data,Insufficient Data,Insufficient Data,Insufficient Data,Insufficient Data,Insufficient Data,Insufficient Data,Insufficient Data,Insufficient Data,Insufficient Data,Insufficient Data,Insufficient Data,Insufficient Data,Insufficient Data,Insufficient Data,Insufficient Data
Government Integrity (3-year lag),3,-0.4022,-0.0838,0.7438,0.7133,-0.4025,-0.2878,-0.2441,0.3753,0.0,0.0025,0.0,0.0,0.0,0.0,0.0,0.0,1329,1303,1297,1306,1178,1278,658,637,-0.4464,-0.3562,-0.1375,-0.0296,0.7185,0.7672,0.6856,0.7389,-0.4493,-0.3535,-0.3373,-0.2367,-0.3147,-0.1709,0.3065,0.4401,Moderate,Very Weak,Very Strong,Very Strong,Moderate,Weak,Weak,Moderate,Significant,Significant,Significant,Significant,Significant,Significant,Significant,Significant
Government Integrity (4-year lag),4,-0.4133,-0.0866,0.7546,0.7201,-0.3785,-0.3415,-0.2602,0.3786,0.0,0.0027,0.0,0.0,0.0,0.0,0.0,0.0,1224,1200,1196,1202,1089,1176,587,610,-0.4587,-0.3658,-0.1425,-0.0302,0.7291,0.778,0.6917,0.7462,-0.4283,-0.3265,-0.391,-0.29,-0.3341,-0.1832,0.3084,0.4446,Moderate,Very Weak,Very Strong,Very Strong,Moderate,Moderate,Weak,Moderate,Significant,Significant,Significant,Significant,Significant,Significant,Significant,Significant
Government Integrity (5-year lag),5,-0.412,-0.091,0.7673,0.7315,-0.3688,-0.3242,-0.2398,0.3831,0.0,0.0024,0.0,0.0,0.0,0.0,0.0,0.0,1130,1108,1105,1109,1011,1085,528,582,-0.4593,-0.3624,-0.1491,-0.0323,0.7419,0.7905,0.7029,0.7577,-0.4209,-0.3143,-0.3765,-0.2699,-0.3186,-0.1576,0.3115,0.4503,Moderate,Very Weak,Very Strong,Very Strong,Moderate,Moderate,Weak,Moderate,Significant,Significant,Significant,Significant,Significant,Significant,Significant,Significant
Government Integrity (6-year lag),6,-0.4114,-0.0882,0.778,0.7514,-0.3844,-0.304,-0.2174,0.3891,0.0,0.0046,0.0,0.0,0.0,0.0,0.0,0.0,1050,1030,1028,1030,943,1007,483,553,-0.4604,-0.3598,-0.1485,-0.0273,0.7527,0.801,0.7235,0.7768,-0.4375,-0.3286,-0.359,-0.2469,-0.3008,-0.1307,0.3159,0.4576,Moderate,Very Weak,Very Strong,Very Strong,Moderate,Moderate,Weak,Moderate,Significant,Significant,Significant,Significant,Significant,Significant,Significant,Significant
Government Integrity (7-year lag),7,-0.4089,-0.079,0.7814,0.7618,-0.4037,-0.2887,-0.1919,0.3932,0.0,0.0143,0.0,0.0,0.0,0.0,0.0,0.0,981,962,961,962,882,941,448,522,-0.4597,-0.3554,-0.1415,-0.0158,0.7555,0.8048,0.734,0.7871,-0.4575,-0.3469,-0.3462,-0.229,-0.2796,-0.101,0.3181,0.4634,Moderate,Very Weak,Very Strong,Very Strong,Moderate,Weak,Weak,Moderate,Significant,Significant,Significant,Significant,Significant,Significant,Significant,Significant
Government Integrity (8-year lag),8,-0.4049,-0.0733,0.7852,0.7684,-0.4652,-0.2853,-0.254,0.396,0.0,0.0283,0.0,0.0,0.0,0.0,0.0,0.0,914,896,896,896,821,876,415,491,-0.4577,-0.3492,-0.1381,-0.0078,0.7588,0.8091,0.7402,0.794,-0.5171,-0.4098,-0.3451,-0.2233,-0.3419,-0.1616,0.3187,0.4681,Moderate,Very Weak,Very Strong,Very Strong,Moderate,Weak,Weak,Moderate,Significant,Significant,Significant,Significant,Significant,Significant,Significant,Significant
Government Integrity (9-year lag),9,-0.4018,-0.0721,0.7856,0.7722,-0.4661,-0.2748,-0.2181,0.4018,0.0,0.0375,0.0,0.0,0.0,0.0,0.0,0.0,849,832,832,832,761,813,384,459,-0.4567,-0.3438,-0.1394,-0.0042,0.7581,0.8103,0.7432,0.7982,-0.5199,-0.4086,-0.3372,-0.2101,-0.3114,-0.1207,0.3221,0.4759,Moderate,Very Weak,Very Strong,Very Strong,Moderate,Weak,Weak,Moderate,Significant,Significant,Significant,Significant,Significant,Significant,Significant,Significant
Government Spending,0,0.5298,-0.17,-0.5971,-0.4934,0.3734,-0.0115,0.0835,-0.2165,0.0,0.0,0.0,0.0,0.0,0.6412,0.0109,0.0,1709,1670,1652,1679,1505,1635,929,707,0.4948,0.5631,-0.2162,-0.123,-0.6273,-0.5652,-0.5288,-0.4564,0.3291,0.4161,-0.06,0.037,0.0192,0.147,-0.2857,-0.1451,Strong,Weak,Strong,Moderate,Moderate,Very Weak,Very Weak,Weak,Significant,Significant,Significant,Significant,Significant,Not Significant,Significant,Significant
Government Spending (1-year lag),1,0.5474,-0.1533,-0.6144,-0.5158,0.3628,0.0315,0.0576,-0.2263,0.0,0.0,0.0,0.0,0.0,0.2207,0.0973,0.0,1572,1539,1528,1545,1388,1511,830,686,0.5118,0.5811,-0.2017,-0.1041,-0.6447,-0.5822,-0.5515,-0.4782,0.3162,0.4076,-0.0189,0.0818,-0.0105,0.1252,-0.2962,-0.1541,Strong,Weak,Strong,Strong,Moderate,Very Weak,Very Weak,Weak,Significant,Significant,Significant,Significant,Significant,Not Significant,Not Significant,Significant
Government Spending (10-year lag),10,0.5916,-0.072,-0.7143,-0.5917,0.4697,0.1288,-0.1365,-0.2667,0.0,0.0458,0.0,0.0,0.0,0.0004,0.0102,0.0,785,769,769,769,702,751,353,427,0.5442,0.6353,-0.142,-0.0014,-0.7473,-0.6779,-0.6358,-0.5438,0.41,0.5254,0.0578,0.1985,-0.2375,-0.0326,-0.3527,-0.1763,Strong,Very Weak,Very Strong,Strong,Moderate,Weak,Weak,Weak,Significant,Significant,Significant,Significant,Significant,Significant,Significant,Significant
Government Spending (15-year lag),15,0.5699,-0.05,-0.7395,-0.6379,0.4548,0.1047,-0.1287,-0.2729,0.0,0.276,0.0,0.0,0.0,0.0241,0.056,0.0,488,477,477,477,419,464,221,265,0.5068,0.627,-0.1391,0.04,-0.7776,-0.6959,-0.6883,-0.5814,0.3754,0.5276,0.0138,0.1939,-0.2564,0.0033,-0.3808,-0.1575,Strong,Very Weak,Very Strong,Strong,Moderate,Weak,Weak,Weak,Significant,Not Significant,Significant,Significant,Significant,Significant,Not Significant,Significant
Government Spending (2-year lag),2,0.5603,-0.1419,-0.6387,-0.5379,0.367,0.0409,0.0386,-0.2311,0.0,0.0,0.0,0.0,0.0,0.1274,0.2944,0.0,1446,1417,1409,1421,1278,1391,740,662,0.5239,0.5947,-0.1925,-0.0905,-0.6686,-0.6067,-0.5739,-0.4999,0.3186,0.4135,-0.0117,0.0933,-0.0336,0.1104,-0.302,-0.1577,Strong,Weak,Strong,Strong,Moderate,Very Weak,Very Weak,Weak,Significant,Significant,Significant,Significant,Significant,Not Significant,Not Significant,Significant
Government Spending (20-year lag),20,0.6082,0.0505,-0.7435,-0.6395,0.4665,0.133,-0.0248,-0.2806,0.0,0.4532,0.0,0.0,0.0,0.0516,0.7955,0.003,229,223,223,223,179,215,112,110,0.5195,0.6839,-0.0814,0.1807,-0.797,-0.6784,-0.7111,-0.5547,0.3434,0.5739,-0.0009,0.2621,-0.2094,0.1615,-0.4445,-0.0985,Strong,Very Weak,Very Strong,Strong,Moderate,Weak,Very Weak,Weak,Significant,Not Significant,Significant,Significant,Significant,Not Significant,Not Significant,Significant
Government Spending (25-year lag),25,,,,,,,,,,,,,,,,,0,0,0,0,0,0,0,0,,,,,,,,,,,,,,,,,Insufficient Data,Insufficient Data,Insufficient Data,Insufficient Data,Insufficient Data,Insufficient Data,Insufficient Data,Insufficient Data,Insufficient Data,Insufficient Data,Insufficient Data,Insufficient Data,Insufficient Data,Insufficient Data,Insufficient Data,Insufficient Data
Government Spending (3-year lag),3,0.5792,-0.1202,-0.6673,-0.5583,0.3738,0.1371,-0.0052,-0.2361,0.0,0.0,0.0,0.0,0.0,0.0,0.8932,0.0,1329,1303,1297,1306,1178,1278,658,637,0.5423,0.6139,-0.1733,-0.0663,-0.6964,-0.6359,-0.5945,-0.5198,0.3236,0.4219,0.0829,0.1905,-0.0816,0.0712,-0.3081,-0.1614,Strong,Weak,Strong,Strong,Moderate,Weak,Very Weak,Weak,Significant,Significant,Significant,Significant,Significant,Significant,Not Significant,Significant
Government Spending (4-year lag),4,0.5906,-0.0953,-0.6809,-0.5582,0.375,0.1945,-0.0351,-0.2401,0.0,0.0009,0.0,0.0,0.0,0.0,0.3965,0.0,1224,1200,1196,1202,1089,1176,587,610,0.5529,0.6259,-0.1511,-0.0389,-0.7102,-0.6493,-0.5959,-0.518,0.3228,0.4249,0.1389,0.2489,-0.1157,0.046,-0.3135,-0.1639,Strong,Very Weak,Strong,Strong,Moderate,Weak,Very Weak,Weak,Significant,Significant,Significant,Significant,Significant,Significant,Not Significant,Significant
Government Spending (5-year lag),5,0.5965,-0.0806,-0.69,-0.5582,0.3828,0.1821,-0.0935,-0.2416,0.0,0.0072,0.0,0.0,0.0,0.0,0.0317,0.0,1130,1108,1105,1109,1011,1085,528,582,0.5576,0.6328,-0.1389,-0.0218,-0.7197,-0.6578,-0.5974,-0.5163,0.3289,0.4342,0.1239,0.239,-0.1774,-0.0082,-0.3167,-0.1636,Strong,Very Weak,Strong,Strong,Moderate,Weak,Very Weak,Weak,Significant,Significant,Significant,Significant,Significant,Significant,Significant,Significant
Government Spending (6-year lag),6,0.601,-0.0733,-0.7067,-0.5758,0.4181,0.1624,-0.1139,-0.2498,0.0,0.0186,0.0,0.0,0.0,0.0,0.0122,0.0,1050,1030,1028,1030,943,1007,483,553,0.5609,0.6383,-0.1338,-0.0123,-0.7361,-0.6747,-0.6153,-0.5335,0.364,0.4694,0.1016,0.222,-0.2011,-0.0249,-0.3264,-0.17,Strong,Very Weak,Very Strong,Strong,Moderate,Weak,Weak,Weak,Significant,Significant,Significant,Significant,Significant,Significant,Significant,Significant
Government Spending (7-year lag),7,0.6041,-0.072,-0.7086,-0.5781,0.4323,0.1577,-0.124,-0.2566,0.0,0.0256,0.0,0.0,0.0,0.0,0.0086,0.0,981,962,961,962,882,941,448,522,0.5628,0.6424,-0.1346,-0.0088,-0.7388,-0.6757,-0.6187,-0.5344,0.3771,0.4845,0.0948,0.2194,-0.2142,-0.0317,-0.3351,-0.1746,Strong,Very Weak,Very Strong,Strong,Moderate,Weak,Weak,Weak,Significant,Significant,Significant,Significant,Significant,Significant,Significant,Significant
Government Spending (8-year lag),8,0.6011,-0.0713,-0.7103,-0.5792,0.4779,0.1536,-0.1332,-0.267,0.0,0.0329,0.0,0.0,0.0,0.0,0.0066,0.0,914,896,896,896,821,876,415,491,0.558,0.6409,-0.1361,-0.0058,-0.7413,-0.6763,-0.6212,-0.534,0.4234,0.5291,0.0883,0.2176,-0.2265,-0.0374,-0.3473,-0.1828,Strong,Very Weak,Very Strong,Strong,Moderate,Weak,Weak,Weak,Significant,Significant,Significant,Significant,Significant,Significant,Significant,Significant
Government Spending (9-year lag),9,0.598,-0.071,-0.7103,-0.5806,0.4722,0.1365,-0.1481,-0.2631,0.0,0.0407,0.0,0.0,0.0,0.0001,0.0036,0.0,849,832,832,832,761,813,384,459,0.5529,0.6395,-0.1383,-0.003,-0.7424,-0.6749,-0.624,-0.5337,0.415,0.5256,0.0684,0.2034,-0.2445,-0.0487,-0.3463,-0.1758,Strong,Very Weak,Very Strong,Strong,Moderate,Weak,Weak,Weak,Significant,Significant,Significant,Significant,Significant,Significant,Significant,Significant
Investment Freedom,0,-0.1314,0.0669,0.5042,0.4995,-0.3129,-0.1065,-0.1087,0.1339,0.0,0.0062,0.0,0.0,0.0,0.0,0.0009,0.0004,1709,1670,1652,1679,1505,1635,929,707,-0.1777,-0.0845,0.019,0.1145,0.4673,0.5393,0.4628,0.5346,-0.3578,-0.2666,-0.1542,-0.0583,-0.1718,-0.0447,0.0607,0.2056,Weak,Very Weak,Strong,Moderate,Moderate,Weak,Weak,Weak,Significant,Significant,Significant,Significant,Significant,Significant,Significant,Significant
Investment Freedom (1-year lag),1,-0.1118,0.0693,0.4986,0.4967,-0.2834,-0.0766,-0.1184,0.148,0.0,0.0065,0.0,0.0,0.0,0.0029,0.0006,0.0001,1572,1539,1528,1545,1388,1511,830,686,-0.1603,-0.0627,0.0194,0.1189,0.4599,0.5353,0.4582,0.5334,-0.3311,-0.2342,-0.1266,-0.0263,-0.1849,-0.0507,0.0739,0.2204,Weak,Very Weak,Moderate,Moderate,Weak,Very Weak,Weak,Weak,Significant,Significant,Significant,Significant,Significant,Significant,Significant,Significant
Investment Freedom (10-year lag),10,-0.0464,0.0247,0.4188,0.4505,-0.1593,-0.1995,-0.0372,0.1557,0.1941,0.4933,0.0,0.0,0.0,0.0,0.4855,0.0013,785,769,769,769,702,751,353,427,-0.116,0.0237,-0.046,0.0953,0.3587,0.4754,0.3923,0.5051,-0.2306,-0.0863,-0.2672,-0.1298,-0.1411,0.0674,0.0617,0.2469,Very Weak,Very Weak,Moderate,Moderate,Weak,Weak,Very Weak,Weak,Not Significant,Not Significant,Significant,Significant,Significant,Significant,Not Significant,Significant
Investment Freedom (15-year lag),15,0.0287,-0.0052,0.3522,0.3948,-0.1621,-0.2329,-0.1487,0.137,0.5272,0.9102,0.0,0.0,0.0009,0.0,0.0271,0.0258,488,477,477,477,419,464,221,265,-0.0602,0.1172,-0.0949,0.0846,0.271,0.4284,0.3162,0.468,-0.2539,-0.0673,-0.3172,-0.1449,-0.2752,-0.017,0.0167,0.2533,Very Weak,Very Weak,Moderate,Moderate,Weak,Weak,Weak,Weak,Not Significant,Not Significant,Significant,Significant,Significant,Significant,Significant,Significant
Investment Freedom (2-year lag),2,-0.1034,0.0811,0.4949,0.499,-0.259,-0.2033,-0.103,0.1557,0.0001,0.0022,0.0,0.0,0.0,0.0,0.0051,0.0001,1446,1417,1409,1421,1278,1391,740,662,-0.1541,-0.0521,0.0292,0.1326,0.4544,0.5333,0.4589,0.5371,-0.3094,-0.2071,-0.2531,-0.1523,-0.1737,-0.0311,0.0805,0.2292,Weak,Very Weak,Moderate,Moderate,Weak,Weak,Weak,Weak,Significant,Significant,Significant,Significant,Significant,Significant,Significant,Significant
Investment Freedom (20-year lag),20,0.1207,-0.1341,0.1932,0.2373,-0.17,-0.0794,-0.1091,-0.1458,0.0682,0.0455,0.0038,0.0003,0.0229,0.2463,0.2521,0.1286,229,223,223,223,179,215,112,110,-0.009,0.2465,-0.2609,-0.0027,0.0635,0.3166,0.1094,0.3576,-0.309,-0.0239,-0.211,0.055,-0.2888,0.078,-0.3242,0.0426,Weak,Weak,Weak,Weak,Weak,Very Weak,Weak,Weak,Not Significant,Significant,Significant,Significant,Significant,Not Significant,Not Significant,Not Significant
Investment Freedom (25-year lag),25,,,,,,,,,,,,,,,,,0,0,0,0,0,0,0,0,,,,,,,,,,,,,,,,,Insufficient Data,Insufficient Data,Insufficient Data,Insufficient Data,Insufficient Data,Insufficient Data,Insufficient Data,Insufficient Data,Insufficient Data,Insufficient Data,Insufficient Data,Insufficient Data,Insufficient Data,Insufficient Data,Insufficient Data,Insufficient Data
Investment Freedom (3-year lag),3,-0.106,0.0755,0.4794,0.4937,-0.2263,-0.221,-0.0852,0.1647,0.0001,0.0064,0.0,0.0,0.0,0.0,0.0289,0.0,1329,1303,1297,1306,1178,1278,658,637,-0.1588,-0.0525,0.0213,0.1293,0.4363,0.5203,0.4516,0.5337,-0.2798,-0.1714,-0.2726,-0.1682,-0.1606,-0.0088,0.0881,0.2393,Weak,Very Weak,Moderate,Moderate,Weak,Weak,Very Weak,Weak,Significant,Significant,Significant,Significant,Significant,Significant,Significant,Significant
Investment Freedom (4-year lag),4,-0.1066,0.0725,0.4663,0.4831,-0.1922,-0.2794,-0.059,0.1711,0.0002,0.0119,0.0,0.0,0.0,0.0,0.1533,0.0,1224,1200,1196,1202,1089,1176,587,610,-0.1617,-0.0509,0.016,0.1286,0.4208,0.5095,0.4386,0.5253,-0.2488,-0.1343,-0.3313,-0.2259,-0.1393,0.022,0.093,0.2471,Weak,Very Weak,Moderate,Moderate,Weak,Weak,Very Weak,Weak,Significant,Significant,Significant,Significant,Significant,Significant,Not Significant,Significant
Investment Freedom (5-year lag),5,-0.0998,0.0607,0.4509,0.4728,-0.1426,-0.2675,-0.031,0.1672,0.0008,0.0435,0.0,0.0,0.0,0.0,0.4772,0.0001,1130,1108,1105,1109,1011,1085,528,582,-0.1572,-0.0417,0.0018,0.1191,0.4026,0.4966,0.4257,0.5172,-0.2025,-0.0817,-0.3219,-0.2114,-0.116,0.0545,0.0871,0.2451,Very Weak,Very Weak,Moderate,Moderate,Weak,Weak,Very Weak,Weak,Significant,Significant,Significant,Significant,Significant,Significant,Not Significant,Significant
Investment Freedom (6-year lag),6,-0.0963,0.0464,0.4438,0.4726,-0.1286,-0.222,0.023,0.163,0.0018,0.1371,0.0,0.0,0.0001,0.0,0.6146,0.0001,1050,1030,1028,1030,943,1007,483,553,-0.1559,-0.036,-0.0148,0.1071,0.3933,0.4916,0.4237,0.5187,-0.1908,-0.0653,-0.2799,-0.1624,-0.0664,0.112,0.0807,0.2431,Very Weak,Very Weak,Moderate,Moderate,Weak,Weak,Very Weak,Weak,Significant,Not Significant,Significant,Significant,Significant,Significant,Not Significant,Significant
Investment Freedom (7-year lag),7,-0.0888,0.0376,0.4356,0.4677,-0.1388,-0.2045,0.0131,0.1569,0.0054,0.2434,0.0,0.0,0.0,0.0,0.7817,0.0003,981,962,961,962,882,941,448,522,-0.1506,-0.0264,-0.0256,0.1006,0.3829,0.4855,0.4169,0.5157,-0.203,-0.0735,-0.2649,-0.1424,-0.0796,0.1056,0.072,0.2395,Very Weak,Very Weak,Moderate,Moderate,Weak,Weak,Very Weak,Weak,Significant,Not Significant,Significant,Significant,Significant,Significant,Not Significant,Significant
Investment Freedom (8-year lag),8,-0.0762,0.033,0.4346,0.4675,-0.1679,-0.2005,-0.0159,0.1554,0.0211,0.3234,0.0,0.0,0.0,0.0,0.7468,0.0006,914,896,896,896,821,876,415,491,-0.1404,-0.0115,-0.0325,0.0983,0.38,0.4863,0.4147,0.5171,-0.2337,-0.1007,-0.2632,-0.1361,-0.112,0.0805,0.0678,0.2406,Very Weak,Very Weak,Moderate,Moderate,Weak,Weak,Very Weak,Weak,Significant,Not Significant,Significant,Significant,Significant,Significant,Not Significant,Significant
Investment Freedom (9-year lag),9,-0.0593,0.0274,0.4253,0.4579,-0.159,-0.2007,-0.0257,0.1545,0.0843,0.4306,0.0,0.0,0.0,0.0,0.616,0.0009,849,832,832,832,761,813,384,459,-0.1261,0.008,-0.0407,0.0952,0.368,0.4794,0.4024,0.51,-0.2275,-0.0889,-0.2658,-0.1338,-0.1254,0.0746,0.0639,0.2426,Very Weak,Very Weak,Moderate,Moderate,Weak,Weak,Very Weak,Weak,Not Significant,Not Significant,Significant,Significant,Significant,Significant,Not Significant,Significant
Judicial Effectiveness,0,-0.3612,-0.0081,0.6919,0.6647,-0.3232,-0.0855,-0.1911,0.3396,0.0,0.8719,0.0,0.0,0.0,0.0878,0.0045,0.0,417,402,404,409,341,400,220,190,-0.4419,-0.2747,-0.1058,0.0898,0.6374,0.7396,0.6069,0.7156,-0.4152,-0.2247,-0.182,0.0127,-0.3154,-0.0603,0.2072,0.4597,Moderate,Very Weak,Strong,Strong,Moderate,Very Weak,Weak,Moderate,Significant,Not Significant,Significant,Significant,Significant,Not Significant,Significant,Significant
Judicial Effectiveness (1-year lag),1,-0.3701,-0.0139,0.6913,0.6624,-0.2846,-0.1107,-0.2165,0.4184,0.0,0.8118,0.0,0.0,0.0,0.0593,0.0091,0.0,305,294,294,298,238,291,144,156,-0.4632,-0.269,-0.1281,0.1006,0.6265,0.7467,0.5934,0.7217,-0.3974,-0.1633,-0.2228,0.0044,-0.3671,-0.0549,0.2796,0.54,Moderate,Very Weak,Strong,Strong,Weak,Weak,Weak,Moderate,Significant,Not Significant,Significant,Significant,Significant,Not Significant,Significant,Significant
Judicial Effectiveness (10-year lag),10,,,,,,,,,,,,,,,,,0,0,0,0,0,0,0,0,,,,,,,,,,,,,,,,,Insufficient Data,Insufficient Data,Insufficient Data,Insufficient Data,Insufficient Data,Insufficient Data,Insufficient Data,Insufficient Data,Insufficient Data,Insufficient Data,Insufficient Data,Insufficient Data,Insufficient Data,Insufficient Data,Insufficient Data,Insufficient Data
Judicial Effectiveness (15-year lag),15,,,,,,,,,,,,,,,,,0,0,0,0,0,0,0,0,,,,,,,,,,,,,,,,,Insufficient Data,Insufficient Data,Insufficient Data,Insufficient Data,Insufficient Data,Insufficient Data,Insufficient Data,Insufficient Data,Insufficient Data,Insufficient Data,Insufficient Data,Insufficient Data,Insufficient Data,Insufficient Data,Insufficient Data,Insufficient Data
Judicial Effectiveness (2-year lag),2,-0.4104,-0.0352,0.7854,0.6963,-0.3886,-0.1633,-0.2053,0.4297,0.0,0.6045,0.0,0.0,0.0,0.0163,0.0384,0.0,228,219,219,222,166,216,102,122,-0.513,-0.2963,-0.167,0.0978,0.7287,0.8314,0.6216,0.7584,-0.5107,-0.2511,-0.2904,-0.0305,-0.3845,-0.0113,0.2728,0.5643,Moderate,Very Weak,Very Strong,Strong,Moderate,Weak,Weak,Moderate,Significant,Not Significant,Significant,Significant,Significant,Significant,Significant,Significant
Judicial Effectiveness (20-year lag),20,,,,,,,,,,,,,,,,,0,0,0,0,0,0,0,0,,,,,,,,,,,,,,,,,Insufficient Data,Insufficient Data,Insufficient Data,Insufficient Data,Insufficient Data,Insufficient Data,Insufficient Data,Insufficient Data,Insufficient Data,Insufficient Data,Insufficient Data,Insufficient Data,Insufficient Data,Insufficient Data,Insufficient Data,Insufficient Data
Judicial Effectiveness (25-year lag),25,,,,,,,,,,,,,,,,,0,0,0,0,0,0,0,0,,,,,,,,,,,,,,,,,Insufficient Data,Insufficient Data,Insufficient Data,Insufficient Data,Insufficient Data,Insufficient Data,Insufficient Data,Insufficient Data,Insufficient Data,Insufficient Data,Insufficient Data,Insufficient Data,Insufficient Data,Insufficient Data,Insufficient Data,Insufficient Data
Judicial Effectiveness (3-year lag),3,-0.4217,-0.0162,0.804,0.6995,-0.4435,-0.1626,-0.1951,0.4005,0.0,0.8389,0.0,0.0,0.0,0.0419,0.0957,0.0001,166,159,159,161,109,157,74,89,-0.5394,-0.2879,-0.1715,0.1398,0.7411,0.8529,0.6109,0.7708,-0.583,-0.2786,-0.3113,-0.0061,-0.4056,0.0349,0.2097,0.5619,Moderate,Very Weak,Very Strong,Strong,Moderate,Weak,Weak,Moderate,Significant,Not Significant,Significant,Significant,Significant,Significant,Not Significant,Significant
Judicial Effectiveness (4-year lag),4,-0.4602,0.0672,0.8347,0.7082,-0.4559,0.0112,,0.3821,0.0,0.5001,0.0,0.0,0.0003,0.9119,,0.0037,108,103,103,104,58,101,0,56,-0.5972,-0.297,-0.128,0.2574,0.7647,0.8852,0.597,0.7927,-0.639,-0.224,-0.1847,0.2061,,,0.1325,0.5861,Moderate,Very Weak,Very Strong,Very Strong,Moderate,Very Weak,Insufficient Data,Moderate,Significant,Not Significant,Significant,Significant,Significant,Not Significant,Insufficient Data,Significant
Judicial Effectiveness (5-year lag),5,-0.4588,0.1724,0.8345,0.7081,,0.2811,,,0.0003,0.2126,0.0,0.0,,0.0436,,,57,54,54,54,0,52,0,0,-0.6425,-0.2251,-0.1,0.4207,0.7298,0.9009,0.5434,0.8204,,,0.0088,0.5145,,,,,Moderate,Weak,Very Strong,Very Strong,Insufficient Data,Weak,Insufficient Data,Insufficient Data,Significant,Not Significant,Significant,Significant,Insufficient Data,Significant,Insufficient Data,Insufficient Data
Judicial Effectiveness (6-year lag),6,,,,,,,,,,,,,,,,,0,0,0,0,0,0,0,0,,,,,,,,,,,,,,,,,Insufficient Data,Insufficient Data,Insufficient Data,Insufficient Data,Insufficient Data,Insufficient Data,Insufficient Data,Insufficient Data,Insufficient Data,Insufficient Data,Insufficient Data,Insufficient Data,Insufficient Data,Insufficient Data,Insufficient Data,Insufficient Data
Judicial Effectiveness (7-year lag),7,,,,,,,,,,,,,,,,,0,0,0,0,0,0,0,0,,,,,,,,,,,,,,,,,Insufficient Data,Insufficient Data,Insufficient Data,Insufficient Data,Insufficient Data,Insufficient Data,Insufficient Data,Insufficient Data,Insufficient Data,Insufficient Data,Insufficient Data,Insufficient Data,Insufficient Data,Insufficient Data,Insufficient Data,Insufficient Data
Judicial Effectiveness (8-year lag),8,,,,,,,,,,,,,,,,,0,0,0,0,0,0,0,0,,,,,,,,,,,,,,,,,Insufficient Data,Insufficient Data,Insufficient Data,Insufficient Data,Insufficient Data,Insufficient Data,Insufficient Data,Insufficient Data,Insufficient Data,Insufficient Data,Insufficient Data,Insufficient Data,Insufficient Data,Insufficient Data,Insufficient Data,Insufficient Data
Judicial Effectiveness (9-year lag),9,,,,,,,,,,,,,,,,,0,0,0,0,0,0,0,0,,,,,,,,,,,,,,,,,Insufficient Data,Insufficient Data,Insufficient Data,Insufficient Data,Insufficient Data,Insufficient Data,Insufficient Data,Insufficient Data,Insufficient Data,Insufficient Data,Insufficient Data,Insufficient Data,Insufficient Data,Insufficient Data,Insufficient Data,Insufficient Data
Labor Freedom,0,-0.2111,0.1012,0.2034,0.1182,-0.1087,-0.0175,-0.0731,-0.009,0.0,0.0004,0.0,0.0,0.0003,0.5448,0.0612,0.8299,1245,1213,1216,1222,1125,1201,656,569,-0.2635,-0.1573,0.0452,0.1566,0.1489,0.2567,0.0625,0.1731,-0.1661,-0.0506,-0.074,0.0391,-0.1488,0.0034,-0.0912,0.0732,Weak,Weak,Weak,Weak,Weak,Very Weak,Very Weak,Very Weak,Significant,Significant,Significant,Significant,Significant,Not Significant,Not Significant,Not Significant
Labor Freedom (1-year lag),1,-0.2274,0.0962,0.2015,0.1109,-0.1188,-0.0324,-0.0276,-0.0184,0.0,0.0015,0.0,0.0002,0.0002,0.2895,0.5147,0.6699,1110,1084,1085,1090,1004,1071,558,539,-0.2825,-0.1709,0.0369,0.1549,0.1437,0.2579,0.0519,0.1692,-0.1793,-0.0573,-0.0921,0.0276,-0.1104,0.0555,-0.1027,0.0662,Weak,Very Weak,Weak,Weak,Weak,Very Weak,Very Weak,Very Weak,Significant,Significant,Significant,Significant,Significant,Not Significant,Not Significant,Not Significant
Labor Freedom (10-year lag),10,-0.2348,0.0385,0.2225,0.1175,-0.1184,0.0359,0.0162,-0.0298,0.0,0.4343,0.0,0.0168,0.0253,0.4703,0.8314,0.6418,424,414,414,414,357,406,175,246,-0.3228,-0.1427,-0.0581,0.1344,0.1288,0.3121,0.0213,0.2115,-0.2195,-0.0148,-0.0616,0.1328,-0.1325,0.1642,-0.1543,0.0956,Weak,Very Weak,Weak,Weak,Weak,Very Weak,Very Weak,Very Weak,Significant,Not Significant,Significant,Significant,Significant,Not Significant,Not Significant,Not Significant
Labor Freedom (15-year lag),15,-0.2949,0.04,0.271,0.1516,-0.1505,0.1096,-0.0081,0.0111,0.0003,0.641,0.0013,0.0759,0.152,0.2057,0.952,0.9216,143,138,138,138,92,135,58,81,-0.4379,-0.1374,-0.1279,0.2058,0.1088,0.4191,-0.0159,0.3109,-0.3447,0.056,-0.0605,0.2735,-0.2658,0.2508,-0.2078,0.2289,Weak,Very Weak,Weak,Weak,Weak,Weak,Very Weak,Very Weak,Significant,Not Significant,Significant,Not Significant,Not Significant,Not Significant,Not Significant,Not Significant
Labor Freedom (2-year lag),2,-0.2331,0.0898,0.1996,0.1077,-0.1025,-0.0274,-0.0002,-0.0205,0.0,0.0052,0.0,0.0008,0.0022,0.3983,0.9965,0.6442,991,969,969,973,892,955,474,509,-0.2912,-0.1734,0.027,0.1519,0.1383,0.2593,0.0452,0.1694,-0.167,-0.0371,-0.0906,0.0361,-0.0903,0.0899,-0.1072,0.0665,Weak,Very Weak,Weak,Weak,Weak,Very Weak,Very Weak,Very Weak,Significant,Significant,Significant,Significant,Significant,Not Significant,Not Significant,Not Significant
Labor Freedom (20-year lag),20,,,,,,,,,,,,,,,,,0,0,0,0,0,0,0,0,,,,,,,,,,,,,,,,,Insufficient Data,Insufficient Data,Insufficient Data,Insufficient Data,Insufficient Data,Insufficient Data,Insufficient Data,Insufficient Data,Insufficient Data,Insufficient Data,Insufficient Data,Insufficient Data,Insufficient Data,Insufficient Data,Insufficient Data,Insufficient Data
Labor Freedom (25-year lag),25,,,,,,,,,,,,,,,,,0,0,0,0,0,0,0,0,,,,,,,,,,,,,,,,,Insufficient Data,Insufficient Data,Insufficient Data,Insufficient Data,Insufficient Data,Insufficient Data,Insufficient Data,Insufficient Data,Insufficient Data,Insufficient Data,Insufficient Data,Insufficient Data,Insufficient Data,Insufficient Data,Insufficient Data,Insufficient Data
Labor Freedom (3-year lag),3,-0.2264,0.0855,0.2161,0.1153,-0.0819,0.0177,0.0181,-0.0259,0.0,0.0118,0.0,0.0007,0.0209,0.6058,0.7178,0.5718,886,866,866,869,796,854,402,479,-0.2879,-0.1629,0.019,0.1513,0.1517,0.2787,0.0492,0.1805,-0.1505,-0.0125,-0.0495,0.0847,-0.0799,0.1157,-0.1152,0.0638,Weak,Very Weak,Weak,Weak,Very Weak,Very Weak,Very Weak,Very Weak,Significant,Significant,Significant,Significant,Significant,Not Significant,Not Significant,Not Significant
Labor Freedom (4-year lag),4,-0.226,0.0843,0.2335,0.1336,-0.1133,0.0144,-0.0048,-0.0233,0.0,0.0179,0.0,0.0002,0.0023,0.6889,0.9288,0.6239,806,788,788,790,720,776,356,447,-0.2905,-0.1594,0.0145,0.1532,0.1664,0.2985,0.0644,0.2014,-0.1848,-0.0406,-0.056,0.0847,-0.1086,0.0992,-0.1158,0.0696,Weak,Very Weak,Weak,Weak,Weak,Very Weak,Very Weak,Very Weak,Significant,Significant,Significant,Significant,Significant,Not Significant,Not Significant,Not Significant
Labor Freedom (5-year lag),5,-0.2366,0.0859,0.2353,0.1343,-0.1375,0.0118,0.0014,-0.0272,0.0,0.0211,0.0,0.0003,0.0004,0.7534,0.9796,0.5812,736,720,720,721,654,708,320,413,-0.3036,-0.1671,0.0129,0.158,0.1651,0.3032,0.0619,0.2053,-0.212,-0.0615,-0.0619,0.0854,-0.1082,0.1111,-0.1234,0.0695,Weak,Very Weak,Weak,Weak,Weak,Very Weak,Very Weak,Very Weak,Significant,Significant,Significant,Significant,Significant,Not Significant,Not Significant,Not Significant
Labor Freedom (6-year lag),6,-0.2385,0.0811,0.2323,0.1302,-0.1378,0.0117,0.014,-0.037,0.0,0.0378,0.0,0.0008,0.0008,0.7666,0.8137,0.4717,670,656,656,656,591,644,287,380,-0.3086,-0.1657,0.0046,0.1567,0.1586,0.3035,0.0542,0.2047,-0.216,-0.0577,-0.0656,0.0889,-0.102,0.1295,-0.1371,0.0638,Weak,Very Weak,Weak,Weak,Weak,Very Weak,Very Weak,Very Weak,Significant,Significant,Significant,Significant,Significant,Not Significant,Not Significant,Not Significant
Labor Freedom (7-year lag),7,-0.2384,0.071,0.2341,0.1306,-0.1346,0.0226,0.0194,-0.038,0.0,0.0841,0.0,0.0014,0.0019,0.5855,0.7568,0.4805,606,593,593,593,530,582,257,347,-0.3121,-0.1618,-0.0096,0.1507,0.1565,0.3088,0.0506,0.2089,-0.2173,-0.05,-0.0587,0.1037,-0.1032,0.1414,-0.1427,0.0676,Weak,Very Weak,Weak,Weak,Weak,Very Weak,Very Weak,Very Weak,Significant,Not Significant,Significant,Significant,Significant,Not Significant,Not Significant,Not Significant
Labor Freedom (8-year lag),8,-0.2369,0.0647,0.2277,0.1233,-0.1295,0.0163,0.0149,-0.0323,0.0,0.1362,0.0,0.0044,0.0049,0.71,0.822,0.5686,544,532,532,532,471,522,229,314,-0.3147,-0.1559,-0.0204,0.1489,0.1455,0.3067,0.0387,0.2061,-0.2173,-0.0396,-0.0696,0.102,-0.1149,0.1443,-0.1425,0.0787,Weak,Very Weak,Weak,Weak,Weak,Very Weak,Very Weak,Very Weak,Significant,Not Significant,Significant,Significant,Significant,Not Significant,Not Significant,Not Significant
Labor Freedom (9-year lag),9,-0.2352,0.0572,0.2219,0.1145,-0.1237,0.0196,0.01,-0.0297,0.0,0.2144,0.0,0.0127,0.0117,0.6732,0.888,0.6208,484,473,473,473,414,464,202,280,-0.3176,-0.1492,-0.0331,0.1466,0.1344,0.3059,0.0245,0.2025,-0.2175,-0.0277,-0.0715,0.1105,-0.1283,0.1478,-0.1464,0.0878,Weak,Very Weak,Weak,Weak,Weak,Very Weak,Very Weak,Very Weak,Significant,Not Significant,Significant,Significant,Significant,Not Significant,Not Significant,Not Significant
Monetary Freedom,0,-0.11,-0.0635,0.3266,0.3592,-0.2694,-0.3615,-0.0189,0.0972,0.0,0.0094,0.0,0.0,0.0,0.0,0.5653,0.0097,1709,1670,1652,1679,1505,1635,929,707,-0.1566,-0.0629,-0.1112,-0.0156,0.2828,0.369,0.3168,0.4001,-0.3156,-0.2218,-0.4029,-0.3186,-0.0831,0.0455,0.0237,0.1697,Weak,Very Weak,Moderate,Moderate,Weak,Moderate,Very Weak,Very Weak,Significant,Significant,Significant,Significant,Significant,Significant,Not Significant,Significant
Monetary Freedom (1-year lag),1,-0.087,-0.0702,0.3292,0.3706,-0.2838,-0.2665,-0.0111,0.1153,0.0006,0.0058,0.0,0.0,0.0,0.0,0.7493,0.0025,1572,1539,1528,1545,1388,1511,830,686,-0.1358,-0.0377,-0.1198,-0.0203,0.2837,0.3732,0.3267,0.4128,-0.3315,-0.2347,-0.3127,-0.219,-0.0791,0.057,0.0408,0.1885,Very Weak,Very Weak,Moderate,Moderate,Weak,Weak,Very Weak,Weak,Significant,Significant,Significant,Significant,Significant,Significant,Not Significant,Significant
Monetary Freedom (10-year lag),10,-0.0816,-0.0394,0.3575,0.456,-0.2317,-0.4162,-0.018,0.2463,0.0223,0.275,0.0,0.0,0.0,0.0,0.7365,0.0,785,769,769,769,702,751,353,427,-0.1507,-0.0116,-0.1098,0.0314,0.2942,0.4176,0.3981,0.5102,-0.3006,-0.1605,-0.4736,-0.3552,-0.1221,0.0866,0.155,0.3334,Very Weak,Very Weak,Moderate,Moderate,Weak,Moderate,Very Weak,Weak,Significant,Not Significant,Significant,Significant,Significant,Significant,Not Significant,Significant
Monetary Freedom (15-year lag),15,-0.05,-0.1019,0.3384,0.402,-0.2254,-0.3722,-0.1654,0.288,0.2699,0.026,0.0,0.0,0.0,0.0,0.0138,0.0,488,477,477,477,419,464,221,265,-0.1382,0.0389,-0.19,-0.0123,0.2564,0.4155,0.3239,0.4747,-0.3144,-0.1325,-0.4481,-0.291,-0.291,-0.0341,0.1735,0.3948,Very Weak,Weak,Moderate,Moderate,Weak,Moderate,Weak,Weak,Not Significant,Significant,Significant,Significant,Significant,Significant,Significant,Significant
Monetary Freedom (2-year lag),2,-0.0995,-0.0802,0.3358,0.3902,-0.2978,-0.4218,-0.0062,0.1384,0.0002,0.0025,0.0,0.0,0.0,0.0,0.8658,0.0004,1446,1417,1409,1421,1278,1391,740,662,-0.1503,-0.0482,-0.1317,-0.0283,0.2887,0.3814,0.3452,0.4334,-0.347,-0.247,-0.4641,-0.3777,-0.0783,0.0659,0.0629,0.2124,Very Weak,Very Weak,Moderate,Moderate,Weak,Moderate,Very Weak,Weak,Significant,Significant,Significant,Significant,Significant,Significant,Not Significant,Significant
Monetary Freedom (20-year lag),20,0.0029,-0.153,0.2832,0.3452,-0.2065,-0.0643,-0.1647,0.345,0.9655,0.0223,0.0,0.0,0.0055,0.3478,0.0827,0.0002,229,223,223,223,179,215,112,110,-0.1268,0.1325,-0.2787,-0.022,0.1577,0.3997,0.224,0.4559,-0.3428,-0.0617,-0.1964,0.0701,-0.3398,0.0215,0.1686,0.4999,Very Weak,Weak,Weak,Moderate,Weak,Very Weak,Weak,Moderate,Not Significant,Significant,Significant,Significant,Significant,Not Significant,Not Significant,Significant
Monetary Freedom (25-year lag),25,,,,,,,,,,,,,,,,,0,0,0,0,0,0,0,0,,,,,,,,,,,,,,,,,Insufficient Data,Insufficient Data,Insufficient Data,Insufficient Data,Insufficient Data,Insufficient Data,Insufficient Data,Insufficient Data,Insufficient Data,Insufficient Data,Insufficient Data,Insufficient Data,Insufficient Data,Insufficient Data,Insufficient Data,Insufficient Data
Monetary Freedom (3-year lag),3,-0.0985,-0.0683,0.341,0.4041,-0.2878,-0.4023,0.001,0.1488,0.0003,0.0137,0.0,0.0,0.0,0.0,0.9788,0.0002,1329,1303,1297,1306,1178,1278,658,637,-0.1514,-0.0449,-0.1222,-0.0141,0.292,0.3882,0.3577,0.4485,-0.3394,-0.2346,-0.4473,-0.3553,-0.0754,0.0775,0.0719,0.2239,Very Weak,Very Weak,Moderate,Moderate,Weak,Moderate,Very Weak,Weak,Significant,Significant,Significant,Significant,Significant,Significant,Not Significant,Significant
Monetary Freedom (4-year lag),4,-0.1024,-0.0566,0.3591,0.4305,-0.2646,-0.3801,-0.021,0.1596,0.0003,0.0501,0.0,0.0,0.0,0.0,0.6111,0.0001,1224,1200,1196,1202,1089,1176,587,610,-0.1575,-0.0467,-0.1128,0.0,0.3087,0.4075,0.3833,0.4754,-0.319,-0.2085,-0.4279,-0.3301,-0.1018,0.06,0.0813,0.236,Weak,Very Weak,Moderate,Moderate,Weak,Moderate,Very Weak,Weak,Significant,Not Significant,Significant,Significant,Significant,Significant,Not Significant,Significant
Monetary Freedom (5-year lag),5,-0.1067,-0.0383,0.3645,0.4476,-0.242,-0.3609,-0.0277,0.1793,0.0003,0.203,0.0,0.0,0.0,0.0,0.5256,0.0,1130,1108,1105,1109,1011,1085,528,582,-0.164,-0.0487,-0.097,0.0207,0.3122,0.4145,0.3992,0.4934,-0.2992,-0.1831,-0.4116,-0.308,-0.1127,0.0578,0.0995,0.2569,Weak,Very Weak,Moderate,Moderate,Weak,Moderate,Very Weak,Weak,Significant,Not Significant,Significant,Significant,Significant,Significant,Not Significant,Significant
Monetary Freedom (6-year lag),6,-0.1033,-0.027,0.3583,0.451,-0.2387,-0.3527,-0.0049,0.1969,0.0008,0.3868,0.0,0.0,0.0,0.0,0.9137,0.0,1050,1030,1028,1030,943,1007,483,553,-0.1628,-0.0431,-0.0879,0.0341,0.3038,0.4105,0.401,0.4984,-0.298,-0.1776,-0.4056,-0.2974,-0.0941,0.0843,0.1154,0.2758,Weak,Very Weak,Moderate,Moderate,Weak,Moderate,Very Weak,Weak,Significant,Not Significant,Significant,Significant,Significant,Significant,Not Significant,Significant
Monetary Freedom (7-year lag),7,-0.0971,-0.0153,0.3563,0.4547,-0.2457,-0.369,0.0026,0.2151,0.0023,0.6351,0.0,0.0,0.0,0.0,0.9567,0.0,981,962,961,962,882,941,448,522,-0.1587,-0.0347,-0.0785,0.0479,0.2998,0.4103,0.403,0.5034,-0.3067,-0.1826,-0.423,-0.3125,-0.0901,0.0952,0.1317,0.2954,Very Weak,Very Weak,Moderate,Moderate,Weak,Moderate,Very Weak,Weak,Significant,Not Significant,Significant,Significant,Significant,Significant,Not Significant,Significant
Monetary Freedom (8-year lag),8,-0.0873,-0.0091,0.3546,0.4553,-0.2428,-0.3908,-0.0064,0.227,0.0083,0.7851,0.0,0.0,0.0,0.0,0.8973,0.0,914,896,896,896,821,876,415,491,-0.1513,-0.0226,-0.0746,0.0564,0.2959,0.4105,0.4018,0.5057,-0.3061,-0.1773,-0.4456,-0.3332,-0.1026,0.09,0.1413,0.3092,Very Weak,Very Weak,Moderate,Moderate,Weak,Moderate,Very Weak,Weak,Significant,Not Significant,Significant,Significant,Significant,Significant,Not Significant,Significant
Monetary Freedom (9-year lag),9,-0.0797,-0.0129,0.3552,0.4549,-0.2283,-0.4337,-0.0177,0.2376,0.0202,0.7106,0.0,0.0,0.0,0.0,0.7298,0.0,849,832,832,832,761,813,384,459,-0.1462,-0.0125,-0.0808,0.0551,0.2944,0.4132,0.3992,0.5071,-0.2946,-0.1598,-0.4879,-0.3762,-0.1176,0.0825,0.1493,0.3221,Very Weak,Very Weak,Moderate,Moderate,Weak,Moderate,Very Weak,Weak,Significant,Not Significant,Significant,Significant,Significant,Significant,Not Significant,Significant
Overall Score,0,-0.1966,-0.0735,0.6242,0.5969,-0.4564,-0.2201,-0.1935,0.1658,0.0,0.0027,0.0,0.0,0.0,0.0,0.0,0.0,1709,1670,1652,1679,1505,1635,929,707,-0.2417,-0.1505,-0.121,-0.0256,0.5939,0.6528,0.5652,0.6268,-0.4955,-0.4154,-0.2657,-0.1735,-0.2546,-0.1308,0.0932,0.2366,Weak,Very Weak,Strong,Strong,Moderate,Weak,Weak,Weak,Significant,Significant,Significant,Significant,Significant,Significant,Significant,Significant
Overall Score (1-year lag),1,-0.1626,-0.064,0.6066,0.5852,-0.4255,-0.1657,-0.2056,0.1783,0.0,0.0121,0.0,0.0,0.0,0.0,0.0,0.0,1572,1539,1528,1545,1388,1511,830,686,-0.2104,-0.1141,-0.1136,-0.014,0.5739,0.6374,0.5514,0.617,-0.4676,-0.3814,-0.2143,-0.1162,-0.2699,-0.1395,0.1048,0.2498,Weak,Very Weak,Strong,Strong,Moderate,Weak,Weak,Weak,Significant,Significant,Significant,Significant,Significant,Significant,Significant,Significant
Overall Score (10-year lag),10,-0.1074,-0.08,0.5021,0.5442,-0.2653,-0.3113,-0.0661,0.2269,0.0026,0.0265,0.0,0.0,0.0,0.0,0.2153,0.0,785,769,769,769,702,751,353,427,-0.176,-0.0377,-0.1499,-0.0094,0.4473,0.5532,0.4925,0.5922,-0.3328,-0.1951,-0.3745,-0.2452,-0.1693,0.0385,0.1349,0.315,Weak,Very Weak,Strong,Strong,Weak,Moderate,Very Weak,Weak,Significant,Significant,Significant,Significant,Significant,Significant,Not Significant,Significant
Overall Score (15-year lag),15,-0.0267,-0.1315,0.4241,0.483,-0.2465,-0.3025,-0.2177,0.2395,0.5569,0.004,0.0,0.0,0.0,0.0,0.0011,0.0001,488,477,477,477,419,464,221,265,-0.1151,0.0623,-0.2187,-0.0423,0.3475,0.495,0.4111,0.549,-0.3344,-0.1543,-0.383,-0.2175,-0.3399,-0.0883,0.1225,0.3499,Very Weak,Weak,Moderate,Moderate,Weak,Moderate,Weak,Weak,Not Significant,Significant,Significant,Significant,Significant,Significant,Significant,Significant
Overall Score (2-year lag),2,-0.1498,-0.0545,0.59,0.5761,-0.3908,-0.3049,-0.1995,0.1863,0.0,0.0401,0.0,0.0,0.0,0.0,0.0,0.0,1446,1417,1409,1421,1278,1391,740,662,-0.1998,-0.099,-0.1063,-0.0025,0.5548,0.623,0.5403,0.6099,-0.4363,-0.3434,-0.3518,-0.2564,-0.2677,-0.1293,0.1117,0.2588,Weak,Very Weak,Strong,Strong,Moderate,Moderate,Weak,Weak,Significant,Significant,Significant,Significant,Significant,Significant,Significant,Significant
Overall Score (20-year lag),20,0.1488,-0.1252,0.2701,0.3649,-0.2019,-0.1091,-0.2337,0.2557,0.0243,0.0619,0.0,0.0,0.0067,0.1108,0.0131,0.007,229,223,223,223,179,215,112,110,0.0195,0.2732,-0.2525,0.0062,0.1438,0.3877,0.2452,0.4735,-0.3386,-0.057,-0.2394,0.0251,-0.4019,-0.0504,0.0719,0.4227,Weak,Weak,Weak,Moderate,Weak,Weak,Weak,Weak,Significant,Not Significant,Significant,Significant,Significant,Not Significant,Significant,Significant
Overall Score (25-year lag),25,,,,,,,,,,,,,,,,,0,0,0,0,0,0,0,0,,,,,,,,,,,,,,,,,Insufficient Data,Insufficient Data,Insufficient Data,Insufficient Data,Insufficient Data,Insufficient Data,Insufficient Data,Insufficient Data,Insufficient Data,Insufficient Data,Insufficient Data,Insufficient Data,Insufficient Data,Insufficient Data,Insufficient Data,Insufficient Data
Overall Score (3-year lag),3,-0.1418,-0.0451,0.5711,0.5664,-0.3456,-0.3229,-0.2034,0.1919,0.0,0.1039,0.0,0.0,0.0,0.0,0.0,0.0,1329,1303,1297,1306,1178,1278,658,637,-0.1941,-0.0887,-0.0991,0.0093,0.5333,0.6067,0.5284,0.6021,-0.3949,-0.2943,-0.3712,-0.2729,-0.2755,-0.129,0.1159,0.2656,Weak,Very Weak,Strong,Strong,Moderate,Moderate,Weak,Weak,Significant,Not Significant,Significant,Significant,Significant,Significant,Significant,Significant
Overall Score (4-year lag),4,-0.143,-0.0412,0.5536,0.558,-0.2943,-0.3718,-0.2107,0.1997,0.0,0.1538,0.0,0.0,0.0,0.0,0.0,0.0,1224,1200,1196,1202,1089,1176,587,610,-0.1975,-0.0877,-0.0976,0.0154,0.513,0.5917,0.5178,0.5958,-0.3477,-0.2391,-0.42,-0.3214,-0.2867,-0.132,0.1223,0.2747,Weak,Very Weak,Strong,Strong,Weak,Moderate,Weak,Weak,Significant,Not Significant,Significant,Significant,Significant,Significant,Significant,Significant
Overall Score (5-year lag),5,-0.1368,-0.0425,0.5325,0.5475,-0.2402,-0.3715,-0.1822,0.2044,0.0,0.1579,0.0,0.0,0.0,0.0,0.0,0.0,1130,1108,1105,1109,1011,1085,528,582,-0.1936,-0.0791,-0.1011,0.0165,0.4888,0.5734,0.5049,0.5874,-0.2975,-0.1812,-0.4217,-0.319,-0.2634,-0.0984,0.1252,0.281,Weak,Very Weak,Strong,Strong,Weak,Moderate,Weak,Weak,Significant,Not Significant,Significant,Significant,Significant,Significant,Significant,Significant
Overall Score (6-year lag),6,-0.1353,-0.0487,0.5196,0.5467,-0.2238,-0.3433,-0.078,0.207,0.0,0.1186,0.0,0.0,0.0,0.0,0.0868,0.0,1050,1030,1028,1030,943,1007,483,553,-0.1942,-0.0754,-0.1094,0.0125,0.4735,0.5629,0.5024,0.5882,-0.2836,-0.1623,-0.3967,-0.2877,-0.1661,0.0113,0.1258,0.2855,Weak,Very Weak,Strong,Strong,Weak,Moderate,Very Weak,Weak,Significant,Not Significant,Significant,Significant,Significant,Significant,Not Significant,Significant
Overall Score (7-year lag),7,-0.1299,-0.0521,0.5177,0.5512,-0.2363,-0.3322,-0.0634,0.2101,0.0,0.1062,0.0,0.0,0.0,0.0,0.1805,0.0,981,962,961,962,882,941,448,522,-0.191,-0.0679,-0.1149,0.0111,0.4699,0.5626,0.5056,0.5937,-0.2977,-0.173,-0.3879,-0.2741,-0.1551,0.0294,0.1266,0.2907,Weak,Very Weak,Strong,Strong,Weak,Moderate,Very Weak,Weak,Significant,Not Significant,Significant,Significant,Significant,Significant,Not Significant,Significant
Overall Score (8-year lag),8,-0.121,-0.0575,0.5171,0.5533,-0.2662,-0.3289,-0.0856,0.2142,0.0002,0.0851,0.0,0.0,0.0,0.0,0.0815,0.0,914,896,896,896,821,876,415,491,-0.1844,-0.0566,-0.1226,0.008,0.4674,0.5635,0.5062,0.5972,-0.3287,-0.2015,-0.3867,-0.2685,-0.1804,0.0107,0.1281,0.297,Weak,Very Weak,Strong,Strong,Weak,Moderate,Very Weak,Weak,Significant,Not Significant,Significant,Significant,Significant,Significant,Not Significant,Significant
Overall Score (9-year lag),9,-0.1109,-0.0651,0.5093,0.5486,-0.2596,-0.333,-0.0809,0.2223,0.0012,0.0604,0.0,0.0,0.0,0.0,0.1135,0.0,849,832,832,832,761,813,384,459,-0.1769,-0.0439,-0.1325,0.0029,0.4572,0.558,0.4992,0.5944,-0.3247,-0.1921,-0.3928,-0.2704,-0.1795,0.0193,0.1335,0.3076,Weak,Very Weak,Strong,Strong,Weak,Moderate,Very Weak,Weak,Significant,Not Significant,Significant,Significant,Significant,Significant,Not Significant,Significant
Property Rights,0,-0.3661,-0.0816,0.6788,0.6201,-0.4051,-0.0955,-0.1518,0.3414,0.0,0.0008,0.0,0.0,0.0,0.0001,0.0,0.0,1709,1670,1652,1679,1505,1635,929,707,-0.4065,-0.3243,-0.1291,-0.0338,0.6519,0.704,0.5898,0.6487,-0.4465,-0.362,-0.1433,-0.0472,-0.214,-0.0883,0.2745,0.4049,Moderate,Very Weak,Strong,Strong,Moderate,Very Weak,Weak,Moderate,Significant,Significant,Significant,Significant,Significant,Significant,Significant,Significant
Property Rights (1-year lag),1,-0.3531,-0.0746,0.6785,0.628,-0.3743,-0.0927,-0.1383,0.356,0.0,0.0034,0.0,0.0,0.0,0.0003,0.0001,0.0,1572,1539,1528,1545,1388,1511,830,686,-0.3956,-0.3091,-0.1241,-0.0247,0.6504,0.7046,0.5969,0.6573,-0.4187,-0.3281,-0.1424,-0.0424,-0.2044,-0.0709,0.2888,0.4196,Moderate,Very Weak,Strong,Strong,Moderate,Very Weak,Weak,Moderate,Significant,Significant,Significant,Significant,Significant,Significant,Significant,Significant
Property Rights (10-year lag),10,-0.3722,-0.0636,0.7117,0.7194,-0.3981,-0.2585,-0.0321,0.3792,0.0,0.0778,0.0,0.0,0.0,0.0,0.5481,0.0,785,769,769,769,702,751,353,427,-0.431,-0.3103,-0.1337,0.0071,0.6749,0.7449,0.6835,0.7519,-0.4586,-0.3339,-0.3241,-0.1905,-0.136,0.0726,0.2949,0.4576,Moderate,Very Weak,Very Strong,Very Strong,Moderate,Weak,Very Weak,Moderate,Significant,Not Significant,Significant,Significant,Significant,Significant,Not Significant,Significant
Property Rights (15-year lag),15,-0.3638,-0.0867,0.7101,0.7263,-0.4032,-0.2428,-0.2087,0.3824,0.0,0.0584,0.0,0.0,0.0,0.0,0.0018,0.0,488,477,477,477,419,464,221,265,-0.4384,-0.2842,-0.1751,0.0031,0.6625,0.7519,0.681,0.7662,-0.4805,-0.3198,-0.3266,-0.1552,-0.3316,-0.0789,0.2746,0.4808,Moderate,Very Weak,Very Strong,Very Strong,Moderate,Weak,Weak,Moderate,Significant,Not Significant,Significant,Significant,Significant,Significant,Significant,Significant
Property Rights (2-year lag),2,-0.3496,-0.0753,0.6745,0.6396,-0.3405,-0.1876,-0.0964,0.3649,0.0,0.0046,0.0,0.0,0.0,0.0,0.0087,0.0,1446,1417,1409,1421,1278,1391,740,662,-0.3941,-0.3035,-0.1269,-0.0233,0.6449,0.702,0.6078,0.6694,-0.3881,-0.2911,-0.2378,-0.1364,-0.1673,-0.0245,0.297,0.4292,Moderate,Very Weak,Strong,Strong,Moderate,Weak,Very Weak,Moderate,Significant,Significant,Significant,Significant,Significant,Significant,Significant,Significant
Property Rights (20-year lag),20,-0.3104,-0.1319,0.6755,0.6883,-0.3624,-0.1847,-0.2137,0.3987,0.0,0.0491,0.0,0.0,0.0,0.0066,0.0237,0.0,229,223,223,223,179,215,112,110,-0.4231,-0.1884,-0.2588,-0.0006,0.5971,0.7411,0.6122,0.7517,-0.4833,-0.2278,-0.3109,-0.0522,-0.384,-0.0293,0.2285,0.5452,Moderate,Weak,Strong,Strong,Moderate,Weak,Weak,Moderate,Significant,Significant,Significant,Significant,Significant,Significant,Significant,Significant
Property Rights (25-year lag),25,,,,,,,,,,,,,,,,,0,0,0,0,0,0,0,0,,,,,,,,,,,,,,,,,Insufficient Data,Insufficient Data,Insufficient Data,Insufficient Data,Insufficient Data,Insufficient Data,Insufficient Data,Insufficient Data,Insufficient Data,Insufficient Data,Insufficient Data,Insufficient Data,Insufficient Data,Insufficient Data,Insufficient Data,Insufficient Data
Property Rights (3-year lag),3,-0.3545,-0.0836,0.6701,0.6449,-0.3086,-0.2262,-0.0515,0.3714,0.0,0.0025,0.0,0.0,0.0,0.0,0.1874,0.0,1329,1303,1297,1306,1178,1278,658,637,-0.4006,-0.3065,-0.1373,-0.0294,0.639,0.6991,0.6121,0.6755,-0.3593,-0.256,-0.2776,-0.1736,-0.1274,0.0251,0.3024,0.4364,Moderate,Very Weak,Strong,Strong,Moderate,Weak,Very Weak,Moderate,Significant,Significant,Significant,Significant,Significant,Significant,Not Significant,Significant
Property Rights (4-year lag),4,-0.362,-0.092,0.6752,0.6552,-0.2899,-0.2859,-0.0544,0.3757,0.0,0.0014,0.0,0.0,0.0,0.0,0.1878,0.0,1224,1200,1196,1202,1089,1176,587,610,-0.4098,-0.3123,-0.1479,-0.0356,0.6432,0.7049,0.6217,0.6863,-0.3434,-0.2346,-0.3376,-0.2325,-0.1348,0.0266,0.3054,0.4419,Moderate,Very Weak,Strong,Strong,Weak,Weak,Very Weak,Moderate,Significant,Significant,Significant,Significant,Significant,Significant,Not Significant,Significant
Property Rights (5-year lag),5,-0.3622,-0.0978,0.6848,0.6733,-0.2826,-0.2817,-0.0106,0.3753,0.0,0.0011,0.0,0.0,0.0,0.0,0.8075,0.0,1130,1108,1105,1109,1011,1085,528,582,-0.4118,-0.3104,-0.1558,-0.0391,0.6522,0.7149,0.6398,0.7043,-0.3384,-0.2249,-0.3356,-0.226,-0.0959,0.0748,0.3033,0.4431,Moderate,Very Weak,Strong,Strong,Weak,Weak,Very Weak,Moderate,Significant,Significant,Significant,Significant,Significant,Significant,Not Significant,Significant
Property Rights (6-year lag),6,-0.3619,-0.0941,0.6968,0.693,-0.3069,-0.2813,0.0259,0.3753,0.0,0.0025,0.0,0.0,0.0,0.0,0.5702,0.0,1050,1030,1028,1030,943,1007,483,553,-0.4134,-0.3082,-0.1543,-0.0332,0.6639,0.727,0.6599,0.7235,-0.3637,-0.248,-0.3372,-0.2234,-0.0635,0.1149,0.3014,0.4448,Moderate,Very Weak,Strong,Strong,Moderate,Weak,Very Weak,Moderate,Significant,Significant,Significant,Significant,Significant,Significant,Not Significant,Significant
Property Rights (7-year lag),7,-0.3666,-0.084,0.7022,0.7004,-0.3318,-0.2777,0.0076,0.3779,0.0,0.0091,0.0,0.0,0.0,0.0,0.872,0.0,981,962,961,962,882,941,448,522,-0.4196,-0.3112,-0.1464,-0.0209,0.6686,0.7329,0.6667,0.7312,-0.3893,-0.2717,-0.3356,-0.2176,-0.0851,0.1002,0.3019,0.4492,Moderate,Very Weak,Very Strong,Very Strong,Moderate,Weak,Very Weak,Moderate,Significant,Significant,Significant,Significant,Significant,Significant,Not Significant,Significant
Property Rights (8-year lag),8,-0.3671,-0.0769,0.7083,0.7086,-0.3926,-0.2716,-0.0132,0.3791,0.0,0.0213,0.0,0.0,0.0,0.0,0.7879,0.0,914,896,896,896,821,876,415,491,-0.4219,-0.3096,-0.1417,-0.0115,0.6741,0.7395,0.6744,0.7397,-0.4489,-0.3331,-0.3319,-0.2092,-0.1094,0.0831,0.3007,0.4524,Moderate,Very Weak,Very Strong,Very Strong,Moderate,Weak,Very Weak,Moderate,Significant,Significant,Significant,Significant,Significant,Significant,Not Significant,Significant
Property Rights (9-year lag),9,-0.3693,-0.0705,0.7089,0.7136,-0.3918,-0.2661,0.0008,0.3789,0.0,0.0422,0.0,0.0,0.0,0.0,0.9872,0.0,849,832,832,832,761,813,384,459,-0.426,-0.3097,-0.1378,-0.0025,0.6734,0.7411,0.6786,0.7454,-0.4503,-0.3299,-0.3289,-0.2011,-0.0993,0.1009,0.2977,0.4546,Moderate,Very Weak,Very Strong,Very Strong,Moderate,Weak,Very Weak,Moderate,Significant,Significant,Significant,Significant,Significant,Significant,Not Significant,Significant
Tax Burden,0,0.3555,0.02,-0.3481,-0.301,0.0878,-0.059,-0.0975,-0.3175,0.0,0.4131,0.0,0.0,0.0006,0.0171,0.0029,0.0,1709,1670,1652,1679,1505,1635,929,707,0.3134,0.3963,-0.028,0.0679,-0.3898,-0.305,-0.3439,-0.2568,0.0375,0.1377,-0.1071,-0.0105,-0.1608,-0.0334,-0.3823,-0.2497,Moderate,Very Weak,Moderate,Moderate,Very Weak,Very Weak,Very Weak,Moderate,Significant,Not Significant,Significant,Significant,Significant,Significant,Significant,Significant
Tax Burden (1-year lag),1,0.3809,0.0352,-0.3681,-0.3415,0.0942,-0.04,-0.1561,-0.3232,0.0,0.1676,0.0,0.0,0.0004,0.1198,0.0,0.0,1572,1539,1528,1545,1388,1511,830,686,0.3378,0.4224,-0.0148,0.085,-0.4107,-0.324,-0.3848,-0.2967,0.0418,0.1461,-0.0903,0.0104,-0.2218,-0.089,-0.3886,-0.2545,Moderate,Very Weak,Moderate,Moderate,Very Weak,Very Weak,Weak,Moderate,Significant,Not Significant,Significant,Significant,Significant,Not Significant,Significant,Significant
Tax Burden (10-year lag),10,0.4452,-0.0328,-0.6127,-0.6005,0.3425,0.2029,-0.0056,-0.3271,0.0,0.3637,0.0,0.0,0.0,0.0,0.9171,0.0,785,769,769,769,702,751,353,427,0.3873,0.4996,-0.1033,0.038,-0.655,-0.5665,-0.6438,-0.5532,0.2755,0.4062,0.1332,0.2705,-0.1099,0.0989,-0.4093,-0.2397,Moderate,Very Weak,Strong,Strong,Moderate,Weak,Very Weak,Moderate,Significant,Not Significant,Significant,Significant,Significant,Significant,Not Significant,Significant
Tax Burden (15-year lag),15,0.5042,-0.0323,-0.6469,-0.632,0.3307,0.1249,-0.1269,-0.3099,0.0,0.4818,0.0,0.0,0.0,0.0071,0.0596,0.0,488,477,477,477,419,464,221,265,0.4349,0.5676,-0.1217,0.0577,-0.6962,-0.5914,-0.6831,-0.5749,0.2426,0.4134,0.0343,0.2135,-0.2546,0.0052,-0.4149,-0.1968,Strong,Very Weak,Strong,Strong,Moderate,Weak,Weak,Moderate,Significant,Not Significant,Significant,Significant,Significant,Significant,Not Significant,Significant
Tax Burden (2-year lag),2,0.399,0.0496,-0.3883,-0.3834,0.1123,0.0138,-0.2016,-0.328,0.0,0.0618,0.0,0.0,0.0001,0.6058,0.0,0.0,1446,1417,1409,1421,1278,1391,740,662,0.3547,0.4415,-0.0025,0.1014,-0.4318,-0.343,-0.4269,-0.3382,0.0578,0.1661,-0.0387,0.0664,-0.2698,-0.1315,-0.3943,-0.2582,Moderate,Very Weak,Moderate,Moderate,Weak,Very Weak,Weak,Moderate,Significant,Not Significant,Significant,Significant,Significant,Not Significant,Significant,Significant
Tax Burden (20-year lag),20,0.576,0.1568,-0.6505,-0.6118,0.3269,0.1262,-0.0954,-0.3299,0.0,0.0191,0.0,0.0,0.0,0.0647,0.317,0.0004,229,223,223,223,179,215,112,110,0.4824,0.6566,0.026,0.2824,-0.7203,-0.5676,-0.6879,-0.5224,0.1893,0.4519,-0.0077,0.2557,-0.2761,0.0918,-0.4871,-0.1521,Strong,Weak,Strong,Strong,Moderate,Weak,Very Weak,Moderate,Significant,Significant,Significant,Significant,Significant,Not Significant,Not Significant,Significant
Tax Burden (25-year lag),25,,,,,,,,,,,,,,,,,0,0,0,0,0,0,0,0,,,,,,,,,,,,,,,,,Insufficient Data,Insufficient Data,Insufficient Data,Insufficient Data,Insufficient Data,Insufficient Data,Insufficient Data,Insufficient Data,Insufficient Data,Insufficient Data,Insufficient Data,Insufficient Data,Insufficient Data,Insufficient Data,Insufficient Data,Insufficient Data
Tax Burden (3-year lag),3,0.4198,0.0613,-0.4187,-0.4224,0.1359,0.0659,-0.2169,-0.3327,0.0,0.0269,0.0,0.0,0.0,0.0185,0.0,0.0,1329,1303,1297,1306,1178,1278,658,637,0.3745,0.4631,0.007,0.1152,-0.4625,-0.3727,-0.4659,-0.3768,0.0794,0.1916,0.0111,0.1203,-0.2885,-0.1428,-0.4,-0.2618,Moderate,Very Weak,Moderate,Moderate,Weak,Very Weak,Weak,Moderate,Significant,Significant,Significant,Significant,Significant,Significant,Significant,Significant
Tax Burden (4-year lag),4,0.4293,0.0604,-0.4659,-0.4673,0.1761,0.121,-0.256,-0.3395,0.0,0.0364,0.0,0.0,0.0,0.0,0.0,0.0,1224,1200,1196,1202,1089,1176,587,610,0.3825,0.4739,0.0038,0.1166,-0.5092,-0.4204,-0.5104,-0.4219,0.1179,0.2331,0.0643,0.1769,-0.3301,-0.1788,-0.4079,-0.2673,Moderate,Very Weak,Moderate,Moderate,Weak,Weak,Weak,Moderate,Significant,Significant,Significant,Significant,Significant,Significant,Significant,Significant
Tax Burden (5-year lag),5,0.4328,0.0528,-0.527,-0.5221,0.234,0.1434,-0.237,-0.3457,0.0,0.0787,0.0,0.0,0.0,0.0,0.0,0.0,1130,1108,1105,1109,1011,1085,528,582,0.3842,0.479,-0.0061,0.1114,-0.5683,-0.4831,-0.5636,-0.4779,0.1748,0.2914,0.0846,0.2012,-0.3159,-0.1548,-0.4153,-0.2721,Moderate,Very Weak,Strong,Strong,Weak,Weak,Weak,Moderate,Significant,Not Significant,Significant,Significant,Significant,Significant,Significant,Significant
Tax Burden (6-year lag),6,0.4312,0.0372,-0.5685,-0.5572,0.2725,0.1677,-0.1001,-0.3502,0.0,0.2325,0.0,0.0,0.0,0.0,0.0278,0.0,1050,1030,1028,1030,943,1007,483,553,0.3807,0.4792,-0.0239,0.0981,-0.6085,-0.5257,-0.5979,-0.5136,0.2123,0.3306,0.107,0.2271,-0.1877,-0.011,-0.4213,-0.2749,Moderate,Very Weak,Strong,Strong,Weak,Weak,Weak,Moderate,Significant,Not Significant,Significant,Significant,Significant,Significant,Significant,Significant
Tax Burden (7-year lag),7,0.4324,0.0188,-0.5805,-0.5702,0.2892,0.1875,-0.0577,-0.3498,0.0,0.561,0.0,0.0,0.0,0.0,0.2228,0.0,981,962,961,962,882,941,448,522,0.3801,0.482,-0.0445,0.0819,-0.6209,-0.5369,-0.6114,-0.5259,0.2275,0.3485,0.1251,0.2484,-0.1496,0.0351,-0.423,-0.2722,Moderate,Very Weak,Strong,Strong,Weak,Weak,Very Weak,Moderate,Significant,Not Significant,Significant,Significant,Significant,Significant,Not Significant,Significant
Tax Burden (8-year lag),8,0.4336,0.0002,-0.5918,-0.5822,0.3333,0.1985,-0.0383,-0.3468,0.0,0.9959,0.0,0.0,0.0,0.0,0.4365,0.0,914,896,896,896,821,876,415,491,0.3794,0.4848,-0.0653,0.0657,-0.6328,-0.5475,-0.6239,-0.5372,0.2711,0.3928,0.134,0.2613,-0.1341,0.0582,-0.4224,-0.2665,Moderate,Very Weak,Strong,Strong,Moderate,Weak,Very Weak,Moderate,Significant,Not Significant,Significant,Significant,Significant,Significant,Not Significant,Significant
Tax Burden (9-year lag),9,0.4388,-0.0171,-0.6002,-0.5899,0.3386,0.2033,-0.0327,-0.3379,0.0,0.6221,0.0,0.0,0.0,0.0,0.5227,0.0,849,832,832,832,761,813,384,459,0.3828,0.4915,-0.085,0.0509,-0.642,-0.5549,-0.6325,-0.5437,0.2741,0.4,0.1365,0.2683,-0.1324,0.0676,-0.4165,-0.2542,Moderate,Very Weak,Strong,Strong,Moderate,Weak,Very Weak,Moderate,Significant,Not Significant,Significant,Significant,Significant,Significant,Not Significant,Significant
Trade Freedom,0,-0.3793,0.0117,0.6822,0.6236,-0.5515,-0.1369,-0.124,0.0445,0.0,0.6324,0.0,0.0,0.0,0.0,0.0002,0.237,1709,1670,1652,1679,1505,1635,929,707,-0.4192,-0.338,-0.0363,0.0596,0.6555,0.7071,0.5935,0.652,-0.5857,-0.5153,-0.1841,-0.089,-0.1868,-0.0602,-0.0293,0.1179,Moderate,Very Weak,Strong,Strong,Strong,Weak,Weak,Very Weak,Significant,Not Significant,Significant,Significant,Significant,Significant,Significant,Not Significant
Trade Freedom (1-year lag),1,-0.3611,0.0256,0.677,0.6153,-0.5397,-0.0855,-0.1978,0.0479,0.0,0.3153,0.0,0.0,0.0,0.0009,0.0,0.2101,1572,1539,1528,1545,1388,1511,830,686,-0.4033,-0.3173,-0.0244,0.0755,0.6489,0.7033,0.5834,0.6454,-0.576,-0.5014,-0.1353,-0.0352,-0.2623,-0.1315,-0.027,0.1223,Moderate,Very Weak,Strong,Strong,Strong,Very Weak,Weak,Very Weak,Significant,Not Significant,Significant,Significant,Significant,Significant,Significant,Not Significant
Trade Freedom (10-year lag),10,-0.4283,-0.0257,0.5444,0.4352,-0.366,-0.1355,0.1277,0.1238,0.0,0.4774,0.0,0.0,0.0,0.0002,0.0164,0.0104,785,769,769,769,702,751,353,427,-0.4838,-0.3694,-0.0962,0.0451,0.4927,0.5923,0.376,0.4908,-0.4284,-0.3002,-0.205,-0.0645,0.0236,0.229,0.0293,0.2162,Moderate,Very Weak,Strong,Moderate,Moderate,Weak,Weak,Weak,Significant,Not Significant,Significant,Significant,Significant,Significant,Significant,Significant
Trade Freedom (15-year lag),15,-0.4365,-0.0207,0.5099,0.4237,-0.309,-0.1105,0.0724,0.1787,0.0,0.6525,0.0,0.0,0.0,0.0172,0.2837,0.0035,488,477,477,477,419,464,221,265,-0.5057,-0.3617,-0.1103,0.0692,0.4403,0.5735,0.3471,0.4947,-0.3932,-0.2197,-0.1996,-0.0197,-0.0601,0.2025,0.0594,0.2929,Moderate,Very Weak,Strong,Moderate,Moderate,Weak,Very Weak,Weak,Significant,Not Significant,Significant,Significant,Significant,Significant,Not Significant,Significant
Trade Freedom (2-year lag),2,-0.3659,0.0354,0.6815,0.6109,-0.5405,-0.1867,-0.2614,0.0555,0.0,0.1825,0.0,0.0,0.0,0.0,0.0,0.154,1446,1417,1409,1421,1278,1391,740,662,-0.4098,-0.3204,-0.0167,0.0873,0.6525,0.7086,0.5772,0.6425,-0.5782,-0.5005,-0.2369,-0.1355,-0.3273,-0.1929,-0.0208,0.1311,Moderate,Very Weak,Strong,Strong,Strong,Weak,Weak,Very Weak,Significant,Not Significant,Significant,Significant,Significant,Significant,Significant,Not Significant
Trade Freedom (20-year lag),20,-0.4329,-0.0738,0.4485,0.3465,-0.2861,0.0237,0.019,0.1964,0.0,0.2722,0.0,0.0,0.0001,0.7298,0.8421,0.0397,229,223,223,223,179,215,112,110,-0.5326,-0.3212,-0.2033,0.0581,0.337,0.5477,0.2253,0.457,-0.4154,-0.1456,-0.1105,0.157,-0.1671,0.2039,0.0095,0.3701,Moderate,Very Weak,Moderate,Moderate,Weak,Very Weak,Very Weak,Weak,Significant,Not Significant,Significant,Significant,Significant,Not Significant,Not Significant,Significant
Trade Freedom (25-year lag),25,,,,,,,,,,,,,,,,,0,0,0,0,0,0,0,0,,,,,,,,,,,,,,,,,Insufficient Data,Insufficient Data,Insufficient Data,Insufficient Data,Insufficient Data,Insufficient Data,Insufficient Data,Insufficient Data,Insufficient Data,Insufficient Data,Insufficient Data,Insufficient Data,Insufficient Data,Insufficient Data,Insufficient Data,Insufficient Data
Trade Freedom (3-year lag),3,-0.3766,0.0494,0.6678,0.5887,-0.5357,-0.2377,-0.2948,0.0653,0.0,0.0747,0.0,0.0,0.0,0.0,0.0,0.0994,1329,1303,1297,1306,1178,1278,658,637,-0.4219,-0.3295,-0.0049,0.1034,0.6365,0.6969,0.5521,0.623,-0.5752,-0.4937,-0.2887,-0.1852,-0.3631,-0.2234,-0.0124,0.1423,Moderate,Very Weak,Strong,Strong,Strong,Weak,Weak,Very Weak,Significant,Not Significant,Significant,Significant,Significant,Significant,Significant,Not Significant
Trade Freedom (4-year lag),4,-0.4002,0.0361,0.6544,0.5653,-0.497,-0.3134,-0.3063,0.075,0.0,0.2119,0.0,0.0,0.0,0.0,0.0,0.064,1224,1200,1196,1202,1089,1176,587,610,-0.4462,-0.3521,-0.0206,0.0925,0.6207,0.6856,0.5256,0.6026,-0.5404,-0.4509,-0.364,-0.2609,-0.3778,-0.231,-0.0044,0.1535,Moderate,Very Weak,Strong,Strong,Moderate,Moderate,Moderate,Very Weak,Significant,Not Significant,Significant,Significant,Significant,Significant,Significant,Not Significant
Trade Freedom (5-year lag),5,-0.422,0.0201,0.622,0.5228,-0.4398,-0.3367,-0.2769,0.0875,0.0,0.5036,0.0,0.0,0.0,0.0,0.0,0.0349,1130,1108,1105,1109,1011,1085,528,582,-0.4688,-0.3728,-0.0388,0.0789,0.5844,0.6569,0.4786,0.5643,-0.4882,-0.3887,-0.3885,-0.2829,-0.3538,-0.1962,0.0062,0.1675,Moderate,Very Weak,Strong,Strong,Moderate,Moderate,Weak,Very Weak,Significant,Not Significant,Significant,Significant,Significant,Significant,Significant,Significant
Trade Freedom (6-year lag),6,-0.4476,0.0022,0.6052,0.5011,-0.4409,-0.2668,-0.0761,0.0984,0.0,0.9429,0.0,0.0,0.0,0.0,0.0949,0.0206,1050,1030,1028,1030,943,1007,483,553,-0.4947,-0.3979,-0.0589,0.0633,0.565,0.6426,0.4539,0.5455,-0.491,-0.388,-0.3233,-0.2085,-0.1642,0.0132,0.0152,0.1803,Moderate,Very Weak,Strong,Strong,Moderate,Weak,Very Weak,Very Weak,Significant,Not Significant,Significant,Significant,Significant,Significant,Not Significant,Significant
Trade Freedom (7-year lag),7,-0.4498,-0.0114,0.5918,0.4882,-0.4095,-0.2454,-0.0396,0.1064,0.0,0.724,0.0,0.0,0.0,0.0,0.403,0.0151,981,962,961,962,882,941,448,522,-0.4984,-0.3984,-0.0746,0.0518,0.5491,0.6314,0.4385,0.5349,-0.463,-0.353,-0.3046,-0.1844,-0.1318,0.0532,0.0207,0.1904,Moderate,Very Weak,Strong,Moderate,Moderate,Weak,Very Weak,Weak,Significant,Not Significant,Significant,Significant,Significant,Significant,Not Significant,Significant
Trade Freedom (8-year lag),8,-0.4361,-0.0178,0.5759,0.4717,-0.397,-0.227,0.0202,0.1148,0.0,0.5954,0.0,0.0,0.0,0.0,0.6811,0.0109,914,896,896,896,821,876,415,491,-0.4872,-0.382,-0.0832,0.0478,0.5304,0.6181,0.4192,0.5211,-0.4531,-0.3378,-0.2889,-0.1632,-0.0762,0.1163,0.0266,0.2013,Moderate,Very Weak,Strong,Moderate,Moderate,Weak,Very Weak,Weak,Significant,Not Significant,Significant,Significant,Significant,Significant,Not Significant,Significant
Trade Freedom (9-year lag),9,-0.4283,-0.0196,0.5597,0.4521,-0.376,-0.1966,0.0382,0.1226,0.0,0.5717,0.0,0.0,0.0,0.0,0.4554,0.0086,849,832,832,832,761,813,384,459,-0.4817,-0.3717,-0.0875,0.0484,0.5112,0.6047,0.3963,0.5046,-0.4354,-0.3133,-0.2618,-0.1296,-0.0621,0.1378,0.0314,0.2117,Moderate,Very Weak,Strong,Moderate,Moderate,Weak,Very Weak,Weak,Significant,Not Significant,Significant,Significant,Significant,Significant,Not Significant,Significant
