Country,Year,Share below $2.15 a day
Albania,1996,0.534846
Albania,2002,1.0926474
Albania,2005,0.5910857
Albania,2008,0.19992515
Albania,2012,0.6206909
Albania,2014,1.0231007
Albania,2015,0.096067496
Albania,2016,0.13930316
Albania,2017,0.39256993
Albania,2018,0.04810705
Albania,2019,0
Albania,2020,0.021277364
Algeria,1988,6.42
Algeria,1995,6.119
Algeria,2011,0
Angola,2000,21.360565
Angola,2008,14.589688
Angola,2018,31.122005
Argentina (urban),1980,0
Argentina (urban),1986,1.1191322
Argentina (urban),1987,1.1860859
Argentina (urban),1991,0.9720286
Argentina (urban),1992,1.6737126
Argentina (urban),1993,1.9766662
Argentina (urban),1994,1.9113266
Argentina (urban),1995,3.8554344
Argentina (urban),1996,4.2175674
Argentina (urban),1997,3.7657506
Argentina (urban),1998,3.9691887
Argentina (urban),1999,4.1879582
Argentina (urban),2000,4.988261
Argentina (urban),2001,8.234787
Argentina (urban),2002,12.447155
Argentina (urban),2003,5.3636475
Argentina (urban),2004,3.8789883
Argentina (urban),2005,2.68375
Argentina (urban),2006,2.1735892
Argentina (urban),2007,1.7975101
Argentina (urban),2008,1.637588
Argentina (urban),2009,1.5534867
Argentina (urban),2010,0.7465409
Argentina (urban),2011,0.71137697
Argentina (urban),2012,0.6470466
Argentina (urban),2013,0.6666751
Argentina (urban),2014,0.6047795
Argentina (urban),2016,0.69688517
Argentina (urban),2017,0.6037963
Argentina (urban),2018,1.0443243
Argentina (urban),2019,1.1097425
Argentina (urban),2020,1.1731251
Argentina (urban),2021,0.89421797
Argentina (urban),2022,0.61188984
Armenia,1999,11.899414
Armenia,2001,13.9747505
Armenia,2002,9.966604
Armenia,2003,7.5395174
Armenia,2004,5.317806
Armenia,2005,2.6295705
Armenia,2006,1.9985934
Armenia,2007,1.5362027
Armenia,2008,0.8796942
Armenia,2009,1.2476557
Armenia,2010,0.9514653
Armenia,2011,1.1850709
Armenia,2012,0.8322223
Armenia,2013,1.7382652
Armenia,2014,1.4391431
Armenia,2015,1.1463602
Armenia,2016,1.1079466
Armenia,2017,0.7856546
Armenia,2018,1.339821
Armenia,2019,1.0300698
Armenia,2020,0.3520105
Armenia,2021,0.5235208
Armenia,2022,0.7810783
Australia,1981,0.9935031
Australia,1985,1.0013098
Australia,1989,0.744275
Australia,1995,0.74978226
Australia,2001,0.7474116
Australia,2003,0.9973307
Australia,2004,0.7125372
Australia,2008,0.36123243
Australia,2010,0.34916842
Australia,2014,0.4984838
Australia,2016,0.49874178
Australia,2018,0.49709398
Austria,1994,0.23091485
Austria,1995,0
Austria,1996,0
Austria,1997,0.24598348
Austria,1998,0.23944513
Austria,1999,0.22600505
Austria,2000,0
Austria,2003,0.33220324
Austria,2004,0.08165289
Austria,2005,0.1536901
Austria,2006,0.090110004
Austria,2007,0.37229174
Austria,2008,0.47116703
Austria,2009,0.6562347
Austria,2010,0.49070254
Austria,2011,0.41540423
Austria,2012,0.6169174
Austria,2013,0.33799785
Austria,2014,0.22426021
Austria,2015,0.677193
Austria,2016,0.6640636
Austria,2017,0.3180896
Austria,2018,0.56835836
Austria,2019,0.6406389
Austria,2020,0.68357754
Austria,2021,0.4858222
Azerbaijan,1995,12.420592
Azerbaijan,2001,6.1576586
Azerbaijan,2002,0.07950147
Azerbaijan,2003,0.050580967
Azerbaijan,2004,0
Azerbaijan,2005,0
Bangladesh,1983,37.284
Bangladesh,1985,31.957998
Bangladesh,1988,41.737
Bangladesh,1991,41.944866
Bangladesh,1995,33.668743
Bangladesh,2000,33.321335
Bangladesh,2005,23.96659
Bangladesh,2010,18.223856
Bangladesh,2016,13.468303
Bangladesh,2022,5.008496
Belarus,1998,21.763365
Belarus,1999,19.192299
Belarus,2000,13.642426
Belarus,2001,6.624224
Belarus,2002,4.394347
Belarus,2003,3.5103552
Belarus,2004,1.3008308
Belarus,2005,0.89088666
Belarus,2006,0.39857948
Belarus,2007,0.21858977
Belarus,2008,0.16652432
Belarus,2009,0.13817227
Belarus,2010,0.033942714
Belarus,2011,0.006575962
Belarus,2012,0.01205592
Belarus,2013,0
Belarus,2014,0
Belarus,2015,0
Belarus,2016,0
Belarus,2017,0
Belarus,2018,0
Belarus,2019,0
Belarus,2020,0
Belgium,1985,0.2401878
Belgium,1988,0.4778089
Belgium,1992,0.9832839
Belgium,1995,0.41241008
Belgium,1997,0.4924794
Belgium,2000,0.305506
Belgium,2003,0.29441932
Belgium,2004,0.052021958
Belgium,2005,0.19307023
Belgium,2006,0.16894151
Belgium,2007,0.15145147
Belgium,2008,0.11841667
Belgium,2009,0.107580915
Belgium,2010,0.13711528
Belgium,2011,0.16826819
Belgium,2012,0.15657145
Belgium,2013,0.14450805
Belgium,2014,0.07649596
Belgium,2015,0.07075855
Belgium,2016,0.059816156
Belgium,2017,0.14786859
Belgium,2018,0.0811136
Belgium,2019,0.07855247
Belgium,2020,0.05472548
Belgium,2021,0.02996537
Belize,1993,13.547187
Belize,1994,14.793828
Belize,1996,18.196114
Belize,1997,20.901537
Belize,1998,20.73299
Belize,1999,19.556927
Benin,2003,53.089462
Benin,2011,54.26165
Benin,2015,50.70926
Benin,2018,20.082186
Benin,2021,12.723279
Bhutan,2003,13.3622055
Bhutan,2007,5.853421
Bhutan,2012,1.7303301
Bhutan,2017,0.94576234
Bhutan,2022,0.001538848
Bolivia,1997,15.538883
Bolivia,1999,21.875101
Bolivia,2000,24.247425
Bolivia,2001,19.031044
Bolivia,2002,19.68643
Bolivia,2004,10.216771
Bolivia,2005,15.606612
Bolivia,2006,12.494706
Bolivia,2007,9.466773
Bolivia,2008,8.344567
Bolivia,2009,8.781656
Bolivia,2011,5.298905
Bolivia,2012,6.4679384
Bolivia,2013,5.173073
Bolivia,2014,4.2758923
Bolivia,2015,4.6299644
Bolivia,2016,5.620338
Bolivia,2017,4.9333615
Bolivia,2018,3.274886
Bolivia,2019,1.9205352
Bolivia,2020,3.1215072
Bolivia,2021,1.9645011
Bolivia (urban),1990,1.085
Bolivia (urban),1992,8.736937
Bosnia and Herzegovina,2001,0.325743
Bosnia and Herzegovina,2004,0.18114418
Bosnia and Herzegovina,2007,0.06645851
Bosnia and Herzegovina,2011,0.074978754
Botswana,1985,41.794
Botswana,1993,34.1
Botswana,2002,29.139406
Botswana,2009,17.686708
Botswana,2015,15.426243
Brazil,1981,23.9479
Brazil,1982,24.424822
Brazil,1983,30.580912
Brazil,1984,29.915466
Brazil,1985,25.75045
Brazil,1986,12.265663
Brazil,1987,19.946053
Brazil,1988,22.418053
Brazil,1989,20.403696
Brazil,1990,23.992811
Brazil,1992,23.291227
Brazil,1993,22.100883
Brazil,1995,14.736035
Brazil,1996,16.00468
Brazil,1997,15.976236
Brazil,1998,14.337863
Brazil,1999,14.968738
Brazil,2001,13.042174
Brazil,2002,11.73864
Brazil,2003,12.605869
Brazil,2004,11.055812
Brazil,2005,9.962901
Brazil,2006,8.2642355
Brazil,2007,7.870375
Brazil,2008,6.507662
Brazil,2009,6.120392
Brazil,2011,5.32249
Brazil,2012,4.493511
Brazil,2013,3.7285519
Brazil,2014,3.3259485
Brazil,2015,3.8774729
Brazil,2016,4.7337537
Brazil,2017,5.302752
Brazil,2018,5.3060746
Brazil,2019,5.4092226
Brazil,2020,1.9510684
Brazil,2021,5.834562
Brazil,2022,3.5053015
Bulgaria,1992,0
Bulgaria,2006,5.8306923
Bulgaria,2007,1.7921898
Bulgaria,2008,1.251184
Bulgaria,2009,1.3057501
Bulgaria,2010,2.0077357
Bulgaria,2011,2.4587572
Bulgaria,2012,2.3094437
Bulgaria,2013,1.7837765
Bulgaria,2014,1.6603086
Bulgaria,2015,3.4196482
Bulgaria,2016,1.966491
Bulgaria,2017,1.3717663
Bulgaria,2018,0.87046057
Bulgaria,2019,0.9236337
Bulgaria,2020,0.24786347
Bulgaria,2021,0.69914126
Burkina Faso,1994,82.079414
Burkina Faso,1998,79.91789
Burkina Faso,2003,54.703735
Burkina Faso,2009,52.64917
Burkina Faso,2014,39.60286
Burkina Faso,2018,31.203825
Burkina Faso,2021,25.277073
Burundi,1992,75.059006
Burundi,1998,79.441154
Burundi,2006,71.844315
Burundi,2013,65.13289
Burundi,2020,62.06576
Cameroon,1996,50.365902
Cameroon,2001,25.694448
Cameroon,2007,31.42313
Cameroon,2014,25.657516
Cameroon,2021,22.99222
Canada,1971,2.249591
Canada,1973,1.7485467
Canada,1975,1.4924183
Canada,1977,1.2496604
Canada,1979,1.2497067
Canada,1981,0.7493493
Canada,1982,0.7431093
Canada,1984,0.74983454
Canada,1985,0.49976912
Canada,1986,0.9981897
Canada,1987,0.49968165
Canada,1988,0.74937075
Canada,1989,1.24935
Canada,1990,1.2484578
Canada,1991,1.2476625
Canada,1992,0.7468885
Canada,1993,1.2476294
Canada,1994,0.98957986
Canada,1995,0.74680895
Canada,1996,0.24951783
Canada,1997,0.24771148
Canada,1998,0.49965563
Canada,1999,0.49096304
Canada,2000,0.24782088
Canada,2001,0.24938154
Canada,2002,0.24230576
Canada,2003,0.23710853
Canada,2004,0.2435585
Canada,2005,0.24498986
Canada,2006,0.24914758
Canada,2007,0.24825242
Canada,2008,0.24546228
Canada,2009,0.24430971
Canada,2010,0.248831
Canada,2011,0.2261454
Canada,2012,0.24652141
Canada,2013,0.49648547
Canada,2014,0.24215806
Canada,2015,0.24590448
Canada,2016,0.24871367
Canada,2017,0.24701066
Canada,2018,0.2499711
Canada,2019,0.24863754
Cape Verde,2001,19.574156
Cape Verde,2007,10.567116
Cape Verde,2015,4.5642314
Central African Republic,1992,82.185
Central African Republic,2008,61.884224
Central African Republic,2021,65.66651
Chad,2003,57.790245
Chad,2011,36.616726
Chad,2018,30.882942
Chad,2022,30.845234
Chile,1987,15.380129
Chile,1990,10.668008
Chile,1992,6.699598
Chile,1994,6.7974644
Chile,1996,4.664468
Chile,1998,4.5866966
Chile,2000,5.826292
Chile,2003,5.287876
Chile,2006,2.0453675
Chile,2009,1.6663069
Chile,2011,0.9038751
Chile,2013,0.5171192
Chile,2015,0.4292806
Chile,2017,0.35970792
Chile,2020,1.3415734
Chile,2022,0.39505082
China,1981,91.77853
China,1984,81.190254
China,1987,67.38567
China,1990,71.962074
China,1993,65.56736
China,1996,48.185055
China,1999,46.134586
China,2002,36.889233
China,2005,22.254406
China,2008,17.267706
China,2010,13.3794565
China,2011,9.952238
China,2012,8.316196
China,2013,2.6820178
China,2014,1.7436469
China,2015,0.56426
China,2016,0.08090368
China,2017,0
China,2018,0
China,2019,0
China,2020,0
China,2021,0
China (rural),1981,96.871
China (rural),1984,88.666
China (rural),1987,78.375
China (rural),1990,83.701004
China (rural),1993,81.542
China (rural),1996,61.914997
China (rural),1999,62.647003
China (rural),2002,54.851
China (rural),2005,35.628
China (rural),2008,31.766
China (rural),2010,26.350998
China (rural),2011,20.11
China (rural),2012,17.241
China (rural),2013,5.708
China (rural),2014,3.8120003
China (rural),2015,1.268
China (rural),2016,0.187
China (rural),2017,0
China (rural),2018,0
China (rural),2019,0
China (rural),2020,0
China (rural),2021,0
China (urban),1981,71.558
China (urban),1984,54.996002
China (urban),1987,33.074997
China (urban),1990,39.306
China (urban),1993,26.651999
China (urban),1996,18.896
China (urban),1999,15.286
China (urban),2002,8.106
China (urban),2005,4.177
China (urban),2008,0.61300004
China (urban),2010,0
China (urban),2011,0
China (urban),2012,0
China (urban),2013,0
China (urban),2014,0
China (urban),2015,0
China (urban),2016,0
China (urban),2017,0
China (urban),2018,0
China (urban),2019,0
China (urban),2020,0
China (urban),2021,0
Colombia,1992,9.557514
Colombia,1996,17.57369
Colombia,1999,21.354277
Colombia,2000,17.496916
Colombia,2001,20.995247
Colombia,2002,14.178107
Colombia,2003,13.005037
Colombia,2004,12.007561
Colombia,2005,10.736817
Colombia,2008,11.025411
Colombia,2009,9.602201
Colombia,2010,8.284389
Colombia,2011,6.8281503
Colombia,2012,6.7151165
Colombia,2013,6.111701
Colombia,2014,5.4313827
Colombia,2015,4.925476
Colombia,2016,4.9135303
Colombia,2017,4.33946
Colombia,2018,4.4982615
Colombia,2019,5.2847376
Colombia,2020,9.359861
Colombia,2021,7.334666
Colombia,2022,6.036548
Colombia (urban),1980,20.945
Colombia (urban),1988,14.625999
Colombia (urban),1989,14.002999
Colombia (urban),1991,12.752
Comoros,2004,14.625825
Comoros,2014,18.643723
Congo,2005,49.5537
Congo,2011,35.357456
Costa Rica,1981,25.86
Costa Rica,1986,13.922999
Costa Rica,1989,10.552571
Costa Rica,1990,10.379871
Costa Rica,1991,12.413738
Costa Rica,1992,9.941776
Costa Rica,1993,8.527353
Costa Rica,1994,7.041064
Costa Rica,1995,7.149303
Costa Rica,1996,8.220924
Costa Rica,1997,6.7248263
Costa Rica,1998,5.2241964
Costa Rica,1999,6.818424
Costa Rica,2000,6.9267936
Costa Rica,2001,5.094759
Costa Rica,2002,4.6752872
Costa Rica,2003,4.724285
Costa Rica,2004,4.663471
Costa Rica,2005,3.3339496
Costa Rica,2006,3.3378456
Costa Rica,2007,1.820663
Costa Rica,2008,2.42061
Costa Rica,2009,2.4773993
Costa Rica,2010,1.4892362
Costa Rica,2011,1.7502996
Costa Rica,2012,1.673368
Costa Rica,2013,1.6425788
Costa Rica,2014,1.5053035
Costa Rica,2015,1.5732268
Costa Rica,2016,1.3367381
Costa Rica,2017,1.1723511
Costa Rica,2018,1.5057526
Costa Rica,2019,1.0571395
Costa Rica,2020,2.2913265
Costa Rica,2021,1.2421939
Costa Rica,2022,0.88687354
Costa Rica,2023,0.88261974
Cote d'Ivoire,1985,8.229618
Cote d'Ivoire,1986,4.4354844
Cote d'Ivoire,1987,9.430369
Cote d'Ivoire,1988,13.449971
Cote d'Ivoire,1992,27.058142
Cote d'Ivoire,1995,25.906212
Cote d'Ivoire,1998,30.364796
Cote d'Ivoire,2008,34.41735
Cote d'Ivoire,2015,33.447136
Cote d'Ivoire,2018,11.502216
Cote d'Ivoire,2021,9.733192
Croatia,1988,0
Croatia,2009,0.85759926
Croatia,2010,1.2098455
Croatia,2011,0.6253363
Croatia,2012,0.78740203
Croatia,2013,0.72886807
Croatia,2014,0.981814
Croatia,2015,0.5948145
Croatia,2016,0.61599094
Croatia,2017,0.5171488
Croatia,2018,0.4375505
Croatia,2019,0.25992584
Croatia,2020,0.31393388
Croatia,2021,0.3080042
Cyprus,2004,0.094067946
Cyprus,2005,0.006351349
Cyprus,2006,0.018198818
Cyprus,2007,0.025159188
Cyprus,2008,0.008470222
Cyprus,2009,0.11196495
Cyprus,2010,0.036670096
Cyprus,2011,0.008045135
Cyprus,2012,0.004237799
Cyprus,2013,0.09701857
Cyprus,2014,0.0783298
Cyprus,2015,0.026797833
Cyprus,2016,0.041149013
Cyprus,2017,0.032828864
Cyprus,2018,0.01650658
Cyprus,2019,0.1538318
Cyprus,2020,0.012641975
Cyprus,2021,0.00530347
Czechia,1992,0
Czechia,1993,0
Czechia,1996,0
Czechia,2002,0
Czechia,2004,0
Czechia,2005,0.004932986
Czechia,2006,0.06581068
Czechia,2007,0.11590256
Czechia,2008,0.032779835
Czechia,2009,0.012035621
Czechia,2010,0.036178336
Czechia,2011,0.046060845
Czechia,2012,0.032207154
Czechia,2013,0.04569093
Czechia,2014,0
Czechia,2015,0.008764512
Czechia,2016,0
Czechia,2017,0
Czechia,2018,0.008861816
Czechia,2019,0
Czechia,2020,0.00814216
Czechia,2021,0.059850585
Democratic Republic of Congo,2004,91.4673
Democratic Republic of Congo,2012,69.68845
Democratic Republic of Congo,2020,78.94202
Denmark,1987,0.49739555
Denmark,1992,0.49395204
Denmark,1995,0
Denmark,2000,0
Denmark,2003,0.3432746
Denmark,2004,0.31498066
Denmark,2005,0.2548476
Denmark,2006,0.13750921
Denmark,2007,0.01391448
Denmark,2008,0.113210574
Denmark,2009,0.49477512
Denmark,2010,0.05729401
Denmark,2011,0
Denmark,2012,0
Denmark,2013,0.31091565
Denmark,2014,0.20261092
Denmark,2015,0.17542586
Denmark,2016,0.27838695
Denmark,2017,0.14090516
Denmark,2018,0.17011176
Denmark,2019,0.25140718
Denmark,2020,0.1649913
Denmark,2021,0.15367964
Djibouti,2002,22.547215
Djibouti,2012,19.691906
Djibouti,2013,24.925982
Djibouti,2017,19.079206
Dominican Republic,1986,7.092
Dominican Republic,1989,17.415
Dominican Republic,1992,7.615
Dominican Republic,1996,6.450147
Dominican Republic,1997,6.870507
Dominican Republic,2000,6.71443
Dominican Republic,2001,5.1379633
Dominican Republic,2002,7.614324
Dominican Republic,2003,8.697802
Dominican Republic,2004,11.607311
Dominican Republic,2005,7.409543
Dominican Republic,2006,6.255223
Dominican Republic,2007,6.067928
Dominican Republic,2008,5.4486
Dominican Republic,2009,4.679977
Dominican Republic,2010,3.8692138
Dominican Republic,2011,4.055294
Dominican Republic,2012,3.848862
Dominican Republic,2013,2.9718232
Dominican Republic,2014,3.3559256
Dominican Republic,2015,2.534987
Dominican Republic,2016,2.0301723
Dominican Republic,2017,1.0015452
Dominican Republic,2018,0.8355344
Dominican Republic,2019,0.83268654
Dominican Republic,2020,0.95941836
Dominican Republic,2021,0.85372853
Dominican Republic,2022,0.75717556
East Asia and Pacific (PIP),1990,65.22684
East Asia and Pacific (PIP),1991,63.887947
East Asia and Pacific (PIP),1992,61.820377
East Asia and Pacific (PIP),1993,59.818493
East Asia and Pacific (PIP),1994,53.97732
East Asia and Pacific (PIP),1995,48.958206
East Asia and Pacific (PIP),1996,44.76371
East Asia and Pacific (PIP),1997,44.439323
East Asia and Pacific (PIP),1998,45.49922
East Asia and Pacific (PIP),1999,42.10112
East Asia and Pacific (PIP),2000,39.675434
East Asia and Pacific (PIP),2001,36.990456
East Asia and Pacific (PIP),2002,32.549126
East Asia and Pacific (PIP),2003,28.546062
East Asia and Pacific (PIP),2004,24.948715
East Asia and Pacific (PIP),2005,20.694542
East Asia and Pacific (PIP),2006,19.933287
East Asia and Pacific (PIP),2007,17.602987
East Asia and Pacific (PIP),2008,16.239542
East Asia and Pacific (PIP),2009,14.463806
East Asia and Pacific (PIP),2010,12.612144
East Asia and Pacific (PIP),2011,9.925
East Asia and Pacific (PIP),2012,8.272548
East Asia and Pacific (PIP),2013,4.3187065
East Asia and Pacific (PIP),2014,3.422671
East Asia and Pacific (PIP),2015,2.3407562
East Asia and Pacific (PIP),2016,1.6548712
East Asia and Pacific (PIP),2017,1.1886528
East Asia and Pacific (PIP),2018,1.1504271
East Asia and Pacific (PIP),2019,0.97820175
East Asia and Pacific (PIP),2020,1.0514594
East Asia and Pacific (PIP),2021,1.0823264
East Asia and Pacific (PIP),2022,0.9526236
East Asia and Pacific (PIP),2023,0.8903153
East Asia and Pacific (PIP),2024,0.8244129
East Timor,2001,40.91249
East Timor,2007,40.878075
East Timor,2014,24.443077
Eastern and Southern Africa (PIP),1990,54.23994
Eastern and Southern Africa (PIP),1991,55.671196
Eastern and Southern Africa (PIP),1992,57.003647
Eastern and Southern Africa (PIP),1993,58.122807
Eastern and Southern Africa (PIP),1994,58.315502
Eastern and Southern Africa (PIP),1995,57.528313
Eastern and Southern Africa (PIP),1996,56.613056
Eastern and Southern Africa (PIP),1997,56.454624
Eastern and Southern Africa (PIP),1998,56.61412
Eastern and Southern Africa (PIP),1999,56.582134
Eastern and Southern Africa (PIP),2000,56.347157
Eastern and Southern Africa (PIP),2001,55.89235
Eastern and Southern Africa (PIP),2002,56.558258
Eastern and Southern Africa (PIP),2003,55.602062
Eastern and Southern Africa (PIP),2004,52.267075
Eastern and Southern Africa (PIP),2005,50.18
Eastern and Southern Africa (PIP),2006,48.307617
Eastern and Southern Africa (PIP),2007,47.036884
Eastern and Southern Africa (PIP),2008,45.817474
Eastern and Southern Africa (PIP),2009,45.557384
Eastern and Southern Africa (PIP),2010,44.18239
Eastern and Southern Africa (PIP),2011,42.888466
Eastern and Southern Africa (PIP),2012,42.234116
Eastern and Southern Africa (PIP),2013,41.66679
Eastern and Southern Africa (PIP),2014,41.51701
Eastern and Southern Africa (PIP),2015,41.717606
Eastern and Southern Africa (PIP),2016,42.219563
Eastern and Southern Africa (PIP),2017,42.570976
Eastern and Southern Africa (PIP),2018,42.768032
Eastern and Southern Africa (PIP),2019,43.057068
Eastern and Southern Africa (PIP),2020,44.48369
Eastern and Southern Africa (PIP),2021,44.20173
Eastern and Southern Africa (PIP),2022,43.564415
Eastern and Southern Africa (PIP),2023,43.656254
Eastern and Southern Africa (PIP),2024,43.2022
Ecuador,1994,17.128565
Ecuador,1999,21.815004
Ecuador,2000,28.154139
Ecuador,2003,14.815193
Ecuador,2004,15.062325
Ecuador,2005,11.803507
Ecuador,2006,8.153784
Ecuador,2007,8.518901
Ecuador,2008,7.5139523
Ecuador,2009,7.3105
Ecuador,2010,5.678202
Ecuador,2011,4.6691976
Ecuador,2012,4.463145
Ecuador,2013,3.2410893
Ecuador,2014,2.6356108
Ecuador,2015,3.4400663
Ecuador,2016,3.5750275
Ecuador,2017,3.2132533
Ecuador,2018,3.3114905
Ecuador,2019,3.5835843
Ecuador,2020,6.519245
Ecuador,2021,3.5831802
Ecuador,2022,3.1807919
Ecuador,2023,3.7984307
Ecuador (urban),1987,17.615
Ecuador (urban),1995,13.808841
Ecuador (urban),1998,15.662539
Egypt,1990,5.23
Egypt,1995,2.035
Egypt,1999,0
Egypt,2004,3.1076138
Egypt,2008,2.871903
Egypt,2010,1.037314
Egypt,2012,0.8900781
Egypt,2015,0.9060302
Egypt,2017,2.5048509
Egypt,2019,1.4670148
El Salvador,1989,19.428
El Salvador,1991,22.060562
El Salvador,1995,13.2593
El Salvador,1996,15.262267
El Salvador,1998,21.031042
El Salvador,1999,17.251175
El Salvador,2000,12.942934
El Salvador,2001,14.104641
El Salvador,2002,14.728867
El Salvador,2003,15.813787
El Salvador,2004,11.488363
El Salvador,2005,11.278455
El Salvador,2006,7.650643
El Salvador,2007,5.0684905
El Salvador,2008,7.7175083
El Salvador,2009,7.41996
El Salvador,2010,6.345635
El Salvador,2011,5.3409295
El Salvador,2012,4.6371474
El Salvador,2013,3.6247292
El Salvador,2014,3.4414842
El Salvador,2015,2.308848
El Salvador,2016,2.632982
El Salvador,2017,2.1554992
El Salvador,2018,1.8427663
El Salvador,2019,1.4019152
El Salvador,2021,3.5861862
El Salvador,2022,3.363398
Estonia,1993,0
Estonia,2003,2.5094907
Estonia,2004,1.0788711
Estonia,2005,0.81168425
Estonia,2006,0.823972
Estonia,2007,0.4253237
Estonia,2008,0.38617754
Estonia,2009,0.5550371
Estonia,2010,0.7922196
Estonia,2011,0.97961545
Estonia,2012,0.73973876
Estonia,2013,0.8596548
Estonia,2014,0.8305271
Estonia,2015,0.6000405
Estonia,2016,0.47005862
Estonia,2017,0.26870602
Estonia,2018,0.24873585
Estonia,2019,0.5569404
Estonia,2020,0.34865937
Estonia,2021,0.30924037
Eswatini,1994,85.444
Eswatini,2000,56.133385
Eswatini,2009,49.325603
Eswatini,2016,36.07985
Ethiopia,1995,69.207146
Ethiopia,1999,58.026524
Ethiopia,2004,34.576767
Ethiopia,2010,30.750937
Ethiopia,2015,26.984606
Ethiopia (rural),1981,71.255
Europe and Central Asia (PIP),1990,3.634695
Europe and Central Asia (PIP),1991,4.190509
Europe and Central Asia (PIP),1992,5.487251
Europe and Central Asia (PIP),1993,6.281484
Europe and Central Asia (PIP),1994,8.115772
Europe and Central Asia (PIP),1995,8.119874
Europe and Central Asia (PIP),1996,8.099813
Europe and Central Asia (PIP),1997,7.5483055
Europe and Central Asia (PIP),1998,7.724432
Europe and Central Asia (PIP),1999,10.030625
Europe and Central Asia (PIP),2000,9.158989
Europe and Central Asia (PIP),2001,8.311846
Europe and Central Asia (PIP),2002,7.40764
Europe and Central Asia (PIP),2003,7.2563925
Europe and Central Asia (PIP),2004,5.538109
Europe and Central Asia (PIP),2005,4.731936
Europe and Central Asia (PIP),2006,3.3014548
Europe and Central Asia (PIP),2007,2.16736
Europe and Central Asia (PIP),2008,1.3909942
Europe and Central Asia (PIP),2009,1.2129985
Europe and Central Asia (PIP),2010,1.1587276
Europe and Central Asia (PIP),2011,0.90832776
Europe and Central Asia (PIP),2012,0.8692402
Europe and Central Asia (PIP),2013,0.7007668
Europe and Central Asia (PIP),2014,1.0117201
Europe and Central Asia (PIP),2015,0.8440229
Europe and Central Asia (PIP),2016,0.66614395
Europe and Central Asia (PIP),2017,0.7207941
Europe and Central Asia (PIP),2018,0.43764693
Europe and Central Asia (PIP),2019,0.45799664
Europe and Central Asia (PIP),2020,0.52355176
Europe and Central Asia (PIP),2021,0.5349978
Europe and Central Asia (PIP),2022,0.4925111
Europe and Central Asia (PIP),2023,0.47965446
Europe and Central Asia (PIP),2024,0.45578843
Fiji,2002,1.6781589
Fiji,2008,1.0271412
Fiji,2013,0.3635516
Fiji,2019,1.3182689
Finland,1987,0
Finland,1991,0
Finland,1995,0
Finland,2000,0
Finland,2003,0.049275037
Finland,2004,0.039413903
Finland,2005,0.05531524
Finland,2006,0.08037546
Finland,2007,0.063742585
Finland,2008,0.053872228
Finland,2009,0.052470084
Finland,2010,0.053840697
Finland,2011,0.04739088
Finland,2012,0.05272516
Finland,2013,0.08513758
Finland,2014,0.06616784
Finland,2015,0.07020851
Finland,2016,0.047236145
Finland,2017,0.065777734
Finland,2018,0.056774255
Finland,2019,0.03882923
Finland,2020,0.0276209
Finland,2021,0.021342963
France,1970,0
France,1975,0.24901384
France,1979,0.24820168
France,1984,0.49920356
France,1990,0.24754605
France,1996,0.24863891
France,1997,0.24609698
France,1998,0
France,1999,0
France,2000,0
France,2001,0
France,2002,0
France,2003,0.15735751
France,2004,0.049725942
France,2005,0.043055452
France,2006,0.027628507
France,2007,0.014867865
France,2008,0.009692239
France,2009,0.044349
France,2010,0.08739457
France,2011,0.025783392
France,2012,0.060952414
France,2013,0.06039008
France,2014,0.018678669
France,2015,0.13355504
France,2016,0.058125883
France,2017,0.015888225
France,2018,0.021168053
France,2019,0.051448993
France,2020,0.11489582
France,2021,0.056357384
Gabon,2005,5.483823
Gabon,2017,2.468642
Gambia,1998,74.09506
Gambia,2003,50.685493
Gambia,2010,29.829496
Gambia,2015,13.382067
Gambia,2020,17.242134
Georgia,1996,6.767
Georgia,1997,18.784472
Georgia,1998,16.96164
Georgia,1999,21.790314
Georgia,2000,22.899906
Georgia,2001,23.008429
Georgia,2002,12.689577
Georgia,2003,12.949128
Georgia,2004,12.372008
Georgia,2005,12.882766
Georgia,2006,12.590183
Georgia,2007,14.197019
Georgia,2008,12.4464655
Georgia,2009,12.127902
Georgia,2010,14.364216
Georgia,2011,13.401543
Georgia,2012,10.6662245
Georgia,2013,8.078715
Georgia,2014,6.127039
Georgia,2015,4.879492
Georgia,2016,4.9133716
Georgia,2017,6.2298656
Georgia,2018,5.55908
Georgia,2019,4.8486285
Georgia,2020,5.8068676
Georgia,2021,5.4850264
Georgia,2022,4.268949
Germany,1991,0
Germany,1992,0
Germany,1993,0
Germany,1994,0.19766816
Germany,1995,0.24643685
Germany,1996,0
Germany,1997,0
Germany,1998,0
Germany,1999,0
Germany,2000,0
Germany,2001,0
Germany,2002,0
Germany,2003,0
Germany,2004,0
Germany,2005,0
Germany,2006,0
Germany,2007,0
Germany,2008,0
Germany,2009,0
Germany,2010,0
Germany,2011,0
Germany,2012,0
Germany,2013,0
Germany,2014,0
Germany,2015,0
Germany,2016,0
Germany,2017,0.24445756
Germany,2018,0
Germany,2019,0.24957946
Germany,2020,0.24379632
Ghana,1987,58.385998
Ghana,1988,57.656998
Ghana,1991,64.16775
Ghana,1998,54.995037
Ghana,2005,42.467743
Ghana,2012,25.689972
Ghana,2016,25.208553
Greece,1995,1.7376754
Greece,2000,0.49310544
Greece,2003,0.49829754
Greece,2004,0.64183205
Greece,2005,0.3385617
Greece,2006,0.55271566
Greece,2007,0.49926442
Greece,2008,0.3444438
Greece,2009,0.62663525
Greece,2010,0.97306836
Greece,2011,1.1229174
Greece,2012,1.4559224
Greece,2013,0.95517564
Greece,2014,1.5131936
Greece,2015,1.3700905
Greece,2016,1.0391967
Greece,2017,0.8727766
Greece,2018,0.13956267
Greece,2019,0.6895518
Greece,2020,0.80649555
Greece,2021,0.56709486
Grenada,2018,0.31790403
Guatemala,1986,49.703
Guatemala,1989,36.995
Guatemala,1998,14.702999
Guatemala,2000,9.607776
Guatemala,2006,11.650105
Guatemala,2014,9.521302
Guinea,1991,87.964
Guinea,1994,41.212265
Guinea,2002,53.343784
Guinea,2007,48.129784
Guinea,2012,24.544147
Guinea,2018,13.8201
Guinea-Bissau,1991,42.357998
Guinea-Bissau,1993,42.232567
Guinea-Bissau,2002,53.166588
Guinea-Bissau,2010,66.68512
Guinea-Bissau,2018,21.66049
Guinea-Bissau,2021,25.962856
Guyana,1992,29.383999
Guyana,1998,11.897037
Haiti,2001,67.83363
Haiti,2012,57.87614
Honduras,1989,39.96
Honduras,1990,41.997
Honduras,1991,30.774721
Honduras,1992,26.968342
Honduras,1993,21.429638
Honduras,1994,24.304441
Honduras,1995,26.229053
Honduras,1996,28.550964
Honduras,1997,19.590014
Honduras,1998,24.543867
Honduras,1999,24.925201
Honduras,2001,19.837118
Honduras,2002,21.995176
Honduras,2003,26.499472
Honduras,2004,25.43302
Honduras,2005,25.067038
Honduras,2006,21.142117
Honduras,2007,15.642992
Honduras,2008,15.244036
Honduras,2009,12.32208
Honduras,2010,13.802202
Honduras,2011,14.32309
Honduras,2012,16.992704
Honduras,2013,14.568504
Honduras,2014,13.282177
Honduras,2015,12.977554
Honduras,2016,14.606982
Honduras,2017,13.855521
Honduras,2018,14.233573
Honduras,2019,12.742991
Honduras (urban),1986,49.406002
Hungary,1987,0
Hungary,1989,0
Hungary,1991,1.6757866
Hungary,1993,0
Hungary,1994,1.2412218
Hungary,1999,0.20896545
Hungary,2004,0.10468204
Hungary,2005,0.7245052
Hungary,2006,0.13765296
Hungary,2007,0.14994031
Hungary,2008,0.021265052
Hungary,2009,0.06479282
Hungary,2010,0.071793154
Hungary,2011,0.09156373
Hungary,2012,0.32575902
Hungary,2013,0.1802988
Hungary,2014,0.6576744
Hungary,2015,0.62615484
Hungary,2016,1.3487226
Hungary,2017,0.60926735
Hungary,2018,0.20753036
Hungary,2019,0.30170247
Hungary,2020,0.3514764
Hungary,2021,0.4015956
Iceland,2003,0
Iceland,2004,0.17006549
Iceland,2005,0.03701966
Iceland,2006,0.14680485
Iceland,2007,0.08061417
Iceland,2008,0.060815003
Iceland,2009,0.09720067
Iceland,2010,0.14938448
Iceland,2011,0.12328397
Iceland,2012,0.033555817
Iceland,2013,0.047026344
Iceland,2014,0
Iceland,2015,0.034490183
Iceland,2016,0
Iceland,2017,0
India,1977,63.54258
India,1983,56.678
India,1987,50.929474
India,1993,47.958366
India,2004,40.580715
India,2009,33.456543
India,2011,22.859383
India,2015,18.751444
India,2016,18.123507
India,2017,13.379473
India,2018,11.096276
India,2019,13.204494
India,2020,15.454644
India,2021,12.917313
India (rural),1977,68.604
India (rural),1983,62.094
India (rural),1987,55.33
India (rural),1993,53.49183
India (rural),2004,45.316933
India (rural),2009,37.960625
India (rural),2011,26.315826
India (rural),2015,22.001148
India (rural),2016,20.09264
India (rural),2017,14.595456
India (rural),2018,11.679734
India (rural),2019,14.215045
India (rural),2020,16.749794
India (rural),2021,14.08614
India (urban),1977,44.251
India (urban),1983,37.978
India (urban),1987,36.623
India (urban),1993,31.16639
India (urban),2004,26.608566
India (urban),2009,21.30813
India (urban),2011,14.218487
India (urban),2015,12.022836
India (urban),2016,14.106582
India (urban),2017,10.935455
India (urban),2018,9.940657
India (urban),2019,11.231797
India (urban),2020,12.962317
India (urban),2021,10.699697
Indonesia,1984,74.30208
Indonesia,1987,74.56653
Indonesia,1990,61.774166
Indonesia,1993,61.187595
Indonesia,1996,49.34577
Indonesia,1998,68.31407
Indonesia,1999,43.98748
Indonesia,2000,43.83605
Indonesia,2001,40.336567
Indonesia,2002,23.45272
Indonesia,2003,22.823112
Indonesia,2004,24.243776
Indonesia,2005,20.130228
Indonesia,2006,26.157452
Indonesia,2007,21.551208
Indonesia,2008,19.194849
Indonesia,2009,18.845253
Indonesia,2010,16.455803
Indonesia,2011,14.102624
Indonesia,2012,10.577222
Indonesia,2013,10.808527
Indonesia,2014,9.682687
Indonesia,2015,8.451447
Indonesia,2016,6.6683493
Indonesia,2017,4.302148
Indonesia,2018,4.4100747
Indonesia,2019,3.3554103
Indonesia,2020,2.8259249
Indonesia,2021,2.8577144
Indonesia,2022,2.1782908
Indonesia,2023,1.8155379
Iran,1986,9.244
Iran,1990,8.808
Iran,1994,4.224
Iran,1998,4.2860003
Iran,2005,1.0210205
Iran,2006,0.8490968
Iran,2009,1.4918264
Iran,2011,0.50416595
Iran,2012,0.25400558
Iran,2013,0.28810316
Iran,2014,0.6163683
Iran,2015,0.40074104
Iran,2016,0.4450634
Iran,2017,0.32945344
Iran,2018,0.6712102
Iran,2019,0.72633666
Iran,2020,0.8114429
Iran,2021,0.65237933
Iran,2022,0.46844715
Iraq,2006,0.03518214
Iraq,2012,0.08875247
Ireland,1987,0.689184
Ireland,1994,0.16343378
Ireland,1995,0.17609753
Ireland,1996,0.22401807
Ireland,2000,0.1782722
Ireland,2002,0.23505183
Ireland,2003,0.12763272
Ireland,2004,0.052105937
Ireland,2005,0.021705687
Ireland,2006,0.3984308
Ireland,2007,0.098496266
Ireland,2008,0.1805067
Ireland,2009,0.49060217
Ireland,2010,0.54275715
Ireland,2011,0.5449447
Ireland,2012,0.33501238
Ireland,2013,0.6822285
Ireland,2014,0.38895378
Ireland,2015,0.36762756
Ireland,2016,0.13472612
Ireland,2017,0.24319613
Ireland,2018,0.003921386
Ireland,2019,0.058011558
Ireland,2020,0.14430559
Ireland,2021,0.063545495
Israel,1979,0
Israel,1986,0.23550048
Israel,1992,0.21532728
Israel,1997,0.24560836
Israel,2001,0.24897778
Israel,2002,0.48042536
Israel,2003,0.46270582
Israel,2004,0.49913883
Israel,2005,0.4833153
Israel,2006,0.22496581
Israel,2007,0.4918124
Israel,2008,0.4835079
Israel,2009,0.49162772
Israel,2010,0.46020398
Israel,2011,0.23077059
Israel,2012,0.48919725
Israel,2013,0.4745734
Israel,2014,0.49243245
Israel,2015,0.49385363
Israel,2016,0.24139464
Israel,2017,0.45742482
Israel,2018,0.49676624
Israel,2019,0.725289
Israel,2020,0.44975653
Israel,2021,0.2422214
Italy,1977,0.22906405
Italy,1978,0.48330766
Italy,1979,0.48833704
Italy,1980,0.22686729
Italy,1981,0
Italy,1982,0
Italy,1983,0.21823193
Italy,1984,0
Italy,1986,0.24690011
Italy,1987,0.9951176
Italy,1989,0
Italy,1991,0.228989
Italy,1993,1.2493539
Italy,1995,0.74394846
Italy,1998,1.7424412
Italy,2000,1.2495171
Italy,2002,1.4982808
Italy,2003,0.7694033
Italy,2004,0.6045206
Italy,2005,0.6472902
Italy,2006,0.65343624
Italy,2007,0.680243
Italy,2008,0.70417947
Italy,2009,0.91157925
Italy,2010,1.2652895
Italy,2011,1.156048
Italy,2012,1.2006085
Italy,2013,1.3731673
Italy,2014,1.2321203
Italy,2015,1.9488665
Italy,2016,1.6299454
Italy,2017,1.4216343
Italy,2018,1.4576468
Italy,2019,0.9943459
Italy,2020,0.82779175
Italy,2021,0.8145304
Jamaica,1988,4.555
Jamaica,1990,2.8804874
Jamaica,1993,8.088
Jamaica,1996,2.5628607
Jamaica,1999,2.3147032
Jamaica,2002,2.1286912
Jamaica,2004,1.177246
Jamaica,2018,0.05606334
Jamaica,2021,0.30976602
Japan,2008,0.4798256
Japan,2010,0
Japan,2013,0.72788787
Jordan,1986,0
Jordan,1992,0
Jordan,1997,0
Jordan,2002,0.1951805
Jordan,2006,0.09088745
Jordan,2008,0.010805056
Jordan,2010,0.040854882
Kazakhstan,1993,8.434999
Kazakhstan,1996,7.9405093
Kazakhstan,2001,12.814419
Kazakhstan,2002,8.887372
Kazakhstan,2003,6.167813
Kazakhstan,2004,3.3167064
Kazakhstan,2005,8.661422
Kazakhstan,2006,1.0114723
Kazakhstan,2007,0.38554862
Kazakhstan,2008,0.2428652
Kazakhstan,2009,0.2441653
Kazakhstan,2010,0.19512291
Kazakhstan,2011,0.07109477
Kazakhstan,2012,0.03842411
Kazakhstan,2013,0.033109628
Kazakhstan,2014,0.01927526
Kazakhstan,2015,0.038270585
Kazakhstan,2016,0.05052872
Kazakhstan,2017,0.041498996
Kazakhstan,2018,0.015140791
Kazakhstan,2019,0.016059816
Kazakhstan,2020,0.01182706
Kazakhstan,2021,0.017695257
Kenya,1992,26.448
Kenya,1994,25.880554
Kenya,1997,25.393864
Kenya,2005,36.67384
Kenya,2015,29.365105
Kenya,2020,35.03161
Kenya,2021,36.146057
Kiribati,2006,14.027153
Kiribati,2019,1.6780767
Kosovo,2003,2.3978596
Kosovo,2005,4.209292
Kosovo,2006,4.075942
Kosovo,2009,3.4097538
Kosovo,2010,2.8943646
Kosovo,2011,1.8802686
Kosovo,2012,0.8349306
Kosovo,2013,0.44521713
Kosovo,2014,1.1369094
Kosovo,2015,0.77977383
Kosovo,2016,0.7646961
Kosovo,2017,0.4402413
Kyrgyzstan,2000,38.18244
Kyrgyzstan,2001,33.356903
Kyrgyzstan,2002,31.149364
Kyrgyzstan,2003,25.70318
Kyrgyzstan,2004,11.575469
Kyrgyzstan,2005,13.574837
Kyrgyzstan,2006,8.371434
Kyrgyzstan,2007,8.752659
Kyrgyzstan,2008,3.3092885
Kyrgyzstan,2009,1.5469307
Kyrgyzstan,2010,3.5214179
Kyrgyzstan,2011,1.2577704
Kyrgyzstan,2012,2.6298146
Kyrgyzstan,2013,2.6200042
Kyrgyzstan,2014,1.0484436
Kyrgyzstan,2015,2.1805964
Kyrgyzstan,2016,1.1435105
Kyrgyzstan,2017,1.2685745
Kyrgyzstan,2018,0.73589146
Kyrgyzstan,2019,0.65906364
Kyrgyzstan,2020,1.3309736
Kyrgyzstan,2021,0.71577924
Kyrgyzstan,2022,0.31051716
Laos,1992,23.700804
Laos,1997,43.195446
Laos,2002,25.369883
Laos,2007,19.54654
Laos,2012,10.891045
Laos,2018,7.1383624
Latin America and the Caribbean (PIP),1990,16.33791
Latin America and the Caribbean (PIP),1991,15.811359
Latin America and the Caribbean (PIP),1992,15.698417
Latin America and the Caribbean (PIP),1993,15.586461
Latin America and the Caribbean (PIP),1994,14.373239
Latin America and the Caribbean (PIP),1995,14.009261
Latin America and the Caribbean (PIP),1996,15.258795
Latin America and the Caribbean (PIP),1997,15.075909
Latin America and the Caribbean (PIP),1998,14.850272
Latin America and the Caribbean (PIP),1999,15.072675
Latin America and the Caribbean (PIP),2000,13.804455
Latin America and the Caribbean (PIP),2001,13.5226965
Latin America and the Caribbean (PIP),2002,12.638988
Latin America and the Caribbean (PIP),2003,12.269237
Latin America and the Caribbean (PIP),2004,11.309916
Latin America and the Caribbean (PIP),2005,10.739448
Latin America and the Caribbean (PIP),2006,8.867487
Latin America and the Caribbean (PIP),2007,7.737145
Latin America and the Caribbean (PIP),2008,7.0296803
Latin America and the Caribbean (PIP),2009,6.697408
Latin America and the Caribbean (PIP),2010,5.917654
Latin America and the Caribbean (PIP),2011,5.4619684
Latin America and the Caribbean (PIP),2012,5.1149755
Latin America and the Caribbean (PIP),2013,4.569449
Latin America and the Caribbean (PIP),2014,4.3058763
Latin America and the Caribbean (PIP),2015,4.0576024
Latin America and the Caribbean (PIP),2016,4.272208
Latin America and the Caribbean (PIP),2017,4.2828393
Latin America and the Caribbean (PIP),2018,4.216765
Latin America and the Caribbean (PIP),2019,4.212441
Latin America and the Caribbean (PIP),2020,3.8326411
Latin America and the Caribbean (PIP),2021,4.5273833
Latin America and the Caribbean (PIP),2022,3.4523168
Latin America and the Caribbean (PIP),2023,3.3662453
Latin America and the Caribbean (PIP),2024,3.3205006
Latvia,1993,0
Latvia,1995,0.031
Latvia,1996,1.7659999
Latvia,2004,2.4903991
Latvia,2005,2.3620217
Latvia,2006,1.5533317
Latvia,2007,0.6350043
Latvia,2008,1.2787416
Latvia,2009,1.696778
Latvia,2010,1.7326765
Latvia,2011,1.0286086
Latvia,2012,1.0676994
Latvia,2013,1.1653787
Latvia,2014,0.79135585
Latvia,2015,0.650311
Latvia,2016,0.64695126
Latvia,2017,0.7972179
Latvia,2018,0.36000243
Latvia,2019,0.2391008
Latvia,2020,0.45501179
Latvia,2021,0.39730492
Lebanon,2011,0
Lesotho,1986,53.988
Lesotho,1994,53.69109
Lesotho,2002,66.27836
Lesotho,2017,32.39991
Liberia,2007,53.34778
Liberia,2014,25.930763
Liberia,2016,27.617746
Lithuania,1993,6.617
Lithuania,2004,2.707487
Lithuania,2005,1.7817268
Lithuania,2006,1.5230172
Lithuania,2007,1.3395644
Lithuania,2008,1.389226
Lithuania,2009,2.2432506
Lithuania,2010,1.5343399
Lithuania,2011,0.70057505
Lithuania,2012,0.94779253
Lithuania,2013,0.70500815
Lithuania,2014,1.262026
Lithuania,2015,0.7198586
Lithuania,2016,1.2705059
Lithuania,2017,1.0225072
Lithuania,2018,0.9250136
Lithuania,2019,0.54792964
Lithuania,2020,0.18947333
Lithuania,2021,0.25060093
Luxembourg,1985,0
Luxembourg,1986,0
Luxembourg,1987,0
Luxembourg,1988,0
Luxembourg,1989,0
Luxembourg,1990,0
Luxembourg,1991,0
Luxembourg,1992,0
Luxembourg,1993,0
Luxembourg,1994,0
Luxembourg,1995,0
Luxembourg,1996,0
Luxembourg,1997,0
Luxembourg,1998,0
Luxembourg,1999,0
Luxembourg,2000,0
Luxembourg,2001,0
Luxembourg,2002,0
Luxembourg,2003,0.07174669
Luxembourg,2004,0.018192332
Luxembourg,2005,0.03469405
Luxembourg,2006,0
Luxembourg,2007,0.021916224
Luxembourg,2008,0
Luxembourg,2009,0.04411102
Luxembourg,2010,0
Luxembourg,2011,0.11757935
Luxembourg,2012,0.043618947
Luxembourg,2013,0.08910331
Luxembourg,2014,0.13992491
Luxembourg,2015,0.30012453
Luxembourg,2016,0.11721951
Luxembourg,2017,0.28312987
Luxembourg,2018,0.28481787
Luxembourg,2019,0.101187475
Luxembourg,2020,0
Luxembourg,2021,0.050036773
Madagascar,1980,48.699
Madagascar,1993,73.25071
Madagascar,1997,69.37031
Madagascar,1999,66.86746
Madagascar,2001,70.9964
Madagascar,2005,74.22137
Madagascar,2010,80.15473
Madagascar,2012,80.73006
Malawi,1997,58.4548
Malawi,2004,68.864586
Malawi,2010,68.42152
Malawi,2016,65.73572
Malawi,2019,70.0606
Malaysia,1984,2.676
Malaysia,1987,1.653
Malaysia,1989,0.72400004
Malaysia,1992,1.0029999
Malaysia,1995,1.447
Malaysia,1997,0
Malaysia,2003,1.5712516
Malaysia,2006,0.77013826
Malaysia,2008,0.69657385
Malaysia,2011,0.13992567
Malaysia,2013,0.03397699
Malaysia,2015,0.019036654
Malaysia,2018,0.01102865
Malaysia,2021,0
Maldives,2002,6.6081805
Maldives,2009,3.772896
Maldives,2016,0
Maldives,2019,0
Mali,1994,84.49572
Mali,2001,57.15224
Mali,2006,49.676163
Mali,2009,48.172142
Mali,2018,15.218806
Mali,2021,20.849255
Malta,2006,0.51195854
Malta,2007,0.4103244
Malta,2008,0.109011516
Malta,2009,0.43044543
Malta,2010,0.21927387
Malta,2011,0.1857052
Malta,2012,0.11772207
Malta,2013,0.029666146
Malta,2014,0
Malta,2015,0.08437797
Malta,2016,0.09208711
Malta,2017,0.15988651
Malta,2018,0.10338061
Malta,2019,0.30468178
Malta,2020,0.25567448
Marshall Islands,2019,0.85434437
Mauritania,1987,41.383
Mauritania,1993,42.861
Mauritania,1995,21.832048
Mauritania,2000,21.487999
Mauritania,2004,18.127827
Mauritania,2008,11.855509
Mauritania,2014,6.490837
Mauritania,2019,5.354673
Mauritius,2006,0.30761176
Mauritius,2012,0.4123899
Mauritius,2017,0.12531371
Mexico,1984,8.306812
Mexico,1989,8.705063
Mexico,1992,7.8659563
Mexico,1994,7.933994
Mexico,1996,13.960938
Mexico,1998,15.237268
Mexico,2000,10.678649
Mexico,2002,7.5212464
Mexico,2004,7.150816
Mexico,2005,7.800171
Mexico,2006,5.3540764
Mexico,2008,5.982281
Mexico,2010,4.704363
Mexico,2012,4.1995993
Mexico,2014,3.9831142
Mexico,2016,2.3163962
Mexico,2018,1.8759747
Mexico,2020,2.1319396
Mexico,2022,1.1796793
Micronesia (country),2005,8.559808
Micronesia (country),2013,16.028437
Micronesia (country) (urban),2000,43.482056
Middle East and North Africa (PIP),1990,6.4212265
Middle East and North Africa (PIP),1991,6.1850386
Middle East and North Africa (PIP),1992,5.442155
Middle East and North Africa (PIP),1993,5.1630235
Middle East and North Africa (PIP),1994,4.7400637
Middle East and North Africa (PIP),1995,4.732519
Middle East and North Africa (PIP),1996,3.952733
Middle East and North Africa (PIP),1997,3.6306229
Middle East and North Africa (PIP),1998,3.2720175
Middle East and North Africa (PIP),1999,3.2446399
Middle East and North Africa (PIP),2000,2.9648025
Middle East and North Africa (PIP),2001,2.9828835
Middle East and North Africa (PIP),2002,2.8022647
Middle East and North Africa (PIP),2003,2.8481414
Middle East and North Africa (PIP),2004,2.6818326
Middle East and North Africa (PIP),2005,2.6508589
Middle East and North Africa (PIP),2006,2.5604281
Middle East and North Africa (PIP),2007,2.5409746
Middle East and North Africa (PIP),2008,2.4586475
Middle East and North Africa (PIP),2009,2.20076
Middle East and North Africa (PIP),2010,1.8714017
Middle East and North Africa (PIP),2011,2.0189242
Middle East and North Africa (PIP),2012,2.2284884
Middle East and North Africa (PIP),2013,2.52353
Middle East and North Africa (PIP),2014,2.7700493
Middle East and North Africa (PIP),2015,3.671862
Middle East and North Africa (PIP),2016,4.4471807
Middle East and North Africa (PIP),2017,4.6545906
Middle East and North Africa (PIP),2018,4.7009697
Middle East and North Africa (PIP),2019,4.555744
Middle East and North Africa (PIP),2020,5.313345
Middle East and North Africa (PIP),2021,5.909273
Middle East and North Africa (PIP),2022,6.091361
Middle East and North Africa (PIP),2023,6.3830485
Middle East and North Africa (PIP),2024,6.7327847
Moldova,1997,13.0094795
Moldova,1998,24.047401
Moldova,1999,33.508854
Moldova,2000,31.08438
Moldova,2001,23.255726
Moldova,2002,13.558621
Moldova,2003,5.6087055
Moldova,2004,6.550409
Moldova,2005,10.87486
Moldova,2006,1.9625398
Moldova,2007,0.9524417
Moldova,2008,0.9574248
Moldova,2009,0.65801674
Moldova,2010,0.41040125
Moldova,2011,0.21669711
Moldova,2012,0.13851036
Moldova,2013,0.025188606
Moldova,2014,0
Moldova,2015,0.031209245
Moldova,2016,0.10805441
Moldova,2017,0
Moldova,2018,0
Moldova,2019,0.02864514
Moldova,2021,0
Mongolia,1995,14.759999
Mongolia,1998,28.449
Mongolia,2002,11.612102
Mongolia,2007,1.6951885
Mongolia,2010,1.1435707
Mongolia,2011,0.85668147
Mongolia,2012,0.47310936
Mongolia,2014,0.32755226
Mongolia,2016,0.7064973
Mongolia,2018,0.7115856
Mongolia,2022,0.2234101
Montenegro,2012,3.0313168
Montenegro,2013,3.0291824
Montenegro,2014,1.6274612
Montenegro,2015,1.3457713
Montenegro,2016,2.4743311
Montenegro,2017,3.3115063
Montenegro,2018,2.839833
Montenegro,2019,1.9976742
Montenegro,2020,1.7676241
Montenegro,2021,1.9771242
Morocco,1984,13.195001
Morocco,1990,4.728802
Morocco,1998,8.375334
Morocco,2000,7.9340315
Morocco,2006,4.242266
Morocco,2013,1.4431101
Mozambique,1996,82.68429
Mozambique,2002,80.58823
Mozambique,2008,70.795815
Mozambique,2014,64.64086
Mozambique,2019,74.52835
Myanmar,2015,6.2170024
Myanmar,2017,1.9911567
Namibia,1993,53.517002
Namibia,2003,35.861526
Namibia,2009,26.944029
Namibia,2015,15.617013
Nauru,2012,1.6715107
Nepal,1984,68.462006
Nepal,1995,55.155148
Nepal,2003,40.30675
Nepal,2010,8.2404995
Nepal,2022,0.36659858
Netherlands,1983,0.45828018
Netherlands,1987,0.24944825
Netherlands,1990,0.9527308
Netherlands,1993,1.2487618
Netherlands,1999,0.20289831
Netherlands,2004,0.23587565
Netherlands,2005,0.14832005
Netherlands,2006,0.045792855
Netherlands,2007,0.02863133
Netherlands,2008,0.13360895
Netherlands,2009,0.1107701
Netherlands,2010,0.047438905
Netherlands,2011,0.09605309
Netherlands,2012,0.07584219
Netherlands,2013,0.08687879
Netherlands,2014,0.05771296
Netherlands,2015,0.06166262
Netherlands,2016,0.045917112
Netherlands,2017,0.18876624
Netherlands,2018,0.10091632
Netherlands,2019,0.0957287
Netherlands,2020,0.02796322
Netherlands,2021,0.06971744
Nicaragua,1993,38.314228
Nicaragua,1998,25.759579
Nicaragua,2001,17.814484
Nicaragua,2005,9.098515
Nicaragua,2009,8.276645
Nicaragua,2014,3.9410286
Niger,1992,84.365
Niger,1994,85.516365
Niger,2005,80.50121
Niger,2007,78.89103
Niger,2011,60.55905
Niger,2014,53.56471
Niger,2018,50.905937
Niger,2021,50.613815
Nigeria,1985,47.822
Nigeria,1992,52.353878
Nigeria,1996,58.419514
Nigeria,2003,47.878925
Nigeria,2010,34.88533
Nigeria,2012,33.82892
Nigeria,2015,32.25663
Nigeria,2018,30.863297
North Macedonia,2009,9.767671
North Macedonia,2010,10.448227
North Macedonia,2011,9.087074
North Macedonia,2012,6.9127917
North Macedonia,2013,5.2256985
North Macedonia,2014,4.5167346
North Macedonia,2015,5.5025377
North Macedonia,2016,4.2366357
North Macedonia,2017,4.4940066
North Macedonia,2018,3.3985562
North Macedonia,2019,2.6633506
Norway,1979,0.22752123
Norway,1986,0.24487592
Norway,1991,0.47524884
Norway,1995,0.4910345
Norway,2000,0.23508184
Norway,2003,0.20452435
Norway,2004,0.2648449
Norway,2005,0.20196272
Norway,2006,0.13099638
Norway,2007,0.12668282
Norway,2008,0.2267255
Norway,2009,0.086947724
Norway,2010,0.15098813
Norway,2011,0.09757115
Norway,2012,0.117306806
Norway,2013,0.13043559
Norway,2014,0.11292123
Norway,2015,0.17004924
Norway,2016,0.28067333
Norway,2017,0.29165247
Norway,2018,0.25446132
Norway,2019,0.15653396
Other high income countries (PIP),1990,0.42608482
Other high income countries (PIP),1991,0.44923493
Other high income countries (PIP),1992,0.49910635
Other high income countries (PIP),1993,0.561037
Other high income countries (PIP),1994,0.5233721
Other high income countries (PIP),1995,0.51650375
Other high income countries (PIP),1996,0.56011474
Other high income countries (PIP),1997,0.54947656
Other high income countries (PIP),1998,0.55282295
Other high income countries (PIP),1999,0.5204084
Other high income countries (PIP),2000,0.48948246
Other high income countries (PIP),2001,0.5034583
Other high income countries (PIP),2002,0.5167116
Other high income countries (PIP),2003,0.5676806
Other high income countries (PIP),2004,0.5406382
Other high income countries (PIP),2005,0.5374484
Other high income countries (PIP),2006,0.51204246
Other high income countries (PIP),2007,0.49762934
Other high income countries (PIP),2008,0.50791925
Other high income countries (PIP),2009,0.520898
Other high income countries (PIP),2010,0.51645684
Other high income countries (PIP),2011,0.5552951
Other high income countries (PIP),2012,0.58211493
Other high income countries (PIP),2013,0.638183
Other high income countries (PIP),2014,0.6789597
Other high income countries (PIP),2015,0.7372639
Other high income countries (PIP),2016,0.63445866
Other high income countries (PIP),2017,0.6973014
Other high income countries (PIP),2018,0.61982644
Other high income countries (PIP),2019,0.6024741
Other high income countries (PIP),2020,0.36542326
Other high income countries (PIP),2021,0.32281625
Other high income countries (PIP),2022,0.6388821
Other high income countries (PIP),2023,0.6390803
Other high income countries (PIP),2024,0.63883054
Pakistan,1987,67.336235
Pakistan,1990,65.1108
Pakistan,1996,22.29407
Pakistan,1998,29.7766
Pakistan,2001,33.275234
Pakistan,2004,20.203358
Pakistan,2005,20.296938
Pakistan,2007,14.898684
Pakistan,2010,9.381865
Pakistan,2011,9.587885
Pakistan,2013,7.362643
Pakistan,2015,5.110188
Pakistan,2018,4.932448
Palestine,2004,0.5896262
Palestine,2005,0.20256646
Palestine,2006,0.31365532
Palestine,2007,1.3573977
Palestine,2009,0.2651386
Palestine,2010,0.04360255
Palestine,2011,0.18903968
Palestine,2016,0.5027174
Panama,1979,6.196
Panama,1989,22.412273
Panama,1991,20.110653
Panama,1995,15.194985
Panama,1997,14.206259
Panama,1998,14.458805
Panama,1999,12.275087
Panama,2000,11.071512
Panama,2001,14.045302
Panama,2002,9.564354
Panama,2003,9.879252
Panama,2004,8.747402
Panama,2005,8.564978
Panama,2006,9.389637
Panama,2007,6.665941
Panama,2008,4.0731487
Panama,2009,2.5282087
Panama,2010,3.3920667
Panama,2011,2.452237
Panama,2012,3.4651458
Panama,2013,2.2445593
Panama,2014,2.8937745
Panama,2015,1.5139548
Panama,2016,1.5169268
Panama,2017,2.0971286
Panama,2018,1.4056449
Panama,2019,1.0040996
Panama,2021,1.1082573
Panama,2023,1.2881935
Papua New Guinea,1996,52.644897
Papua New Guinea,2009,39.68331
Paraguay,1990,1.1892296
Paraguay,1995,12.40302
Paraguay,1997,10.553168
Paraguay,1999,10.206738
Paraguay,2001,8.94098
Paraguay,2002,13.235834
Paraguay,2003,8.302468
Paraguay,2004,5.7077723
Paraguay,2005,6.0722804
Paraguay,2006,7.947744
Paraguay,2007,7.842305
Paraguay,2008,4.321988
Paraguay,2009,5.767492
Paraguay,2010,5.4597416
Paraguay,2011,5.048014
Paraguay,2012,3.33131
Paraguay,2013,1.7875661
Paraguay,2014,2.413888
Paraguay,2015,1.8913445
Paraguay,2016,1.6942916
Paraguay,2017,0.98143935
Paraguay,2018,1.4066867
Paraguay,2019,1.0115106
Paraguay,2020,0.81328356
Paraguay,2021,0.6891791
Paraguay,2022,1.3295585
Peru,1997,19.838614
Peru,1998,19.447102
Peru,1999,19.33591
Peru,2000,19.268625
Peru,2001,20.254484
Peru,2002,17.54501
Peru,2003,14.664634
Peru,2004,16.311806
Peru,2005,17.811798
Peru,2006,15.597147
Peru,2007,13.215263
Peru,2008,10.917175
Peru,2009,8.811538
Peru,2010,6.8237686
Peru,2011,6.5040245
Peru,2012,6.078547
Peru,2013,5.3963337
Peru,2014,4.824813
Peru,2015,4.7185483
Peru,2016,4.596183
Peru,2017,4.4970593
Peru,2018,3.5669863
Peru,2019,2.9770849
Peru,2020,5.8217554
Peru,2021,2.773094
Peru,2022,2.656552
Philippines,1985,28.73
Philippines,1988,25.760872
Philippines,1991,27.195
Philippines,1994,25.580002
Philippines,1997,18.161642
Philippines,2000,15.031992
Philippines,2003,13.634615
Philippines,2006,15.298533
Philippines,2009,11.126217
Philippines,2012,12.485543
Philippines,2015,8.290904
Philippines,2018,5.057057
Philippines,2021,6.754131
Poland,1985,0
Poland,1986,0.24560685
Poland,1987,0
Poland,1989,0
Poland,1992,0.22361158
Poland,1995,1.7447743
Poland,1999,0.49605262
Poland,2004,2.1715841
Poland,2005,0.9209366
Poland,2006,0.65885246
Poland,2007,0.47138095
Poland,2008,0.17534827
Poland,2009,0.3663266
Poland,2010,0.3492378
Poland,2011,0.34194458
Poland,2012,0.19502151
Poland,2013,0.42161053
Poland,2014,0.39982548
Poland,2015,0.43371302
Poland,2016,0.23679398
Poland,2017,0.34852496
Poland,2018,0.24757744
Poland,2019,0.06276072
Poland,2020,0.13734049
Poland,2021,0.10752012
Portugal,2003,0.8958964
Portugal,2004,0.5366484
Portugal,2005,0.5435212
Portugal,2006,0.092665896
Portugal,2007,0.25771353
Portugal,2008,0.13725239
Portugal,2009,0.16589662
Portugal,2010,0.13645983
Portugal,2011,0.5080361
Portugal,2012,0.7032106
Portugal,2013,0.8551859
Portugal,2014,0.5456738
Portugal,2015,0.48239422
Portugal,2016,0.374637
Portugal,2017,0.41049597
Portugal,2018,0.2902539
Portugal,2019,0.14872062
Portugal,2020,0.47228974
Portugal,2021,0.22650385
Qatar,2017,0
Romania,1989,0
Romania,1992,0
Romania,1994,10.033
Romania,1995,1.7485844
Romania,1997,2.2489161
Romania,2006,7.355783
Romania,2007,5.310613
Romania,2008,4.086822
Romania,2009,3.1286948
Romania,2010,4.1745195
Romania,2011,5.37642
Romania,2012,6.208166
Romania,2013,6.6171227
Romania,2014,7.0226746
Romania,2015,5.266119
Romania,2016,3.2403133
Romania,2017,3.2661333
Romania,2018,2.666744
Romania,2019,2.1640766
Romania,2020,1.4093623
Romania,2021,1.7570449
Russia,1993,3.5289998
Russia,1996,4.657
Russia,1997,1.5220835
Russia,1998,2.2844472
Russia,1999,4.385637
Russia,2000,2.9754066
Russia,2001,1.7576264
Russia,2002,1.0113968
Russia,2003,1.0929874
Russia,2004,1.0032749
Russia,2005,0.7747562
Russia,2006,0.44096822
Russia,2007,0.20139945
Russia,2008,0.09212515
Russia,2009,0.066181496
Russia,2010,0.08332945
Russia,2011,0.038264908
Russia,2012,0.0322114
Russia,2013,0.008163993
Russia,2014,0.021315757
Russia,2015,0.032757774
Russia,2016,0.027193299
Russia,2017,0.033431694
Russia,2018,0.029192207
Russia,2019,0.030398078
Russia,2020,0.010298438
Rwanda,2000,75.21361
Rwanda,2005,66.05174
Rwanda,2010,59.20516
Rwanda,2013,53.74719
Rwanda,2016,52.005394
Rwanda (rural),1984,58.591003
Saint Lucia,1995,38.125
Saint Lucia,2015,5.222044
Samoa,2002,2.1781778
Samoa,2008,1.052526
Samoa,2013,1.1502274
Sao Tome and Principe,2000,20.446453
Sao Tome and Principe,2010,22.615791
Sao Tome and Principe,2017,15.723551
Senegal,1991,70.099
Senegal,1994,60.327
Senegal,2001,52.44071
Senegal,2005,41.061752
Senegal,2011,40.984364
Senegal,2018,9.222566
Senegal,2021,9.926822
Serbia,2012,5.340191
Serbia,2013,5.8431945
Serbia,2014,6.92315
Serbia,2015,6.6467104
Serbia,2016,6.3563867
Serbia,2017,5.394842
Serbia,2018,2.9232728
Serbia,2019,2.3344426
Serbia,2020,1.557031
Serbia,2021,1.2428293
Seychelles,1999,0.7582651
Seychelles,2006,0.37248194
Seychelles,2013,1.2360592
Seychelles,2018,0.51100403
Sierra Leone,2003,61.33198
Sierra Leone,2011,38.698128
Sierra Leone,2018,26.062035
Slovakia,1992,0
Slovakia,1996,1.4934819
Slovakia,2004,0.06723545
Slovakia,2005,0.23737435
Slovakia,2006,0.22897787
Slovakia,2007,0.36757442
Slovakia,2008,0.4077014
Slovakia,2009,0.44677904
Slovakia,2010,0.4951079
Slovakia,2011,0.4238608
Slovakia,2012,0.40092897
Slovakia,2013,0.28149927
Slovakia,2014,0.6754492
Slovakia,2015,0.66175985
Slovakia,2016,1.3807007
Slovakia,2017,0.22536847
Slovakia,2018,0.16945708
Slovakia,2019,0.11811627
Slovakia,2020,0.21230671
Slovakia,2021,0.10148099
Slovenia,1987,0
Slovenia,1993,0
Slovenia,1997,0
Slovenia,1999,0
Slovenia,2004,0.025957223
Slovenia,2005,0.101450935
Slovenia,2006,0.05046054
Slovenia,2007,0.03234887
Slovenia,2008,0
Slovenia,2009,0
Slovenia,2010,0.009157744
Slovenia,2011,0
Slovenia,2012,0.026254445
Slovenia,2013,0.021756856
Slovenia,2014,0
Slovenia,2015,0.004852958
Slovenia,2016,0
Slovenia,2017,0
Slovenia,2018,0
Slovenia,2019,0
Slovenia,2020,0
Slovenia,2021,0
Solomon Islands,2005,50.6165
Solomon Islands,2012,26.564884
South Africa,1993,33.539997
South Africa,2000,36.825
South Africa,2005,28.331333
South Africa,2008,18.662973
South Africa,2010,18.035963
South Africa,2014,20.492558
South Asia (PIP),1990,50.02538
South Asia (PIP),1991,48.535225
South Asia (PIP),1992,46.799015
South Asia (PIP),1993,46.19983
South Asia (PIP),1994,44.582584
South Asia (PIP),1995,43.757954
South Asia (PIP),1996,42.236515
South Asia (PIP),1997,41.813107
South Asia (PIP),1998,41.766678
South Asia (PIP),1999,41.136333
South Asia (PIP),2000,40.87905
South Asia (PIP),2001,40.692097
South Asia (PIP),2002,40.370853
South Asia (PIP),2003,38.93455
South Asia (PIP),2004,37.170647
South Asia (PIP),2005,35.515728
South Asia (PIP),2006,33.808083
South Asia (PIP),2007,32.096706
South Asia (PIP),2008,30.94404
South Asia (PIP),2009,29.53194
South Asia (PIP),2010,25.400671
South Asia (PIP),2011,21.55898
South Asia (PIP),2012,19.845343
South Asia (PIP),2013,18.913494
South Asia (PIP),2014,17.816643
South Asia (PIP),2015,16.556831
South Asia (PIP),2016,15.743097
South Asia (PIP),2017,12.573509
South Asia (PIP),2018,10.077028
South Asia (PIP),2019,10.596655
South Asia (PIP),2020,12.991342
South Asia (PIP),2021,11.447931
South Asia (PIP),2022,9.702067
South Asia (PIP),2023,8.673819
South Asia (PIP),2024,7.586128
South Korea,2006,0.24944234
South Korea,2008,0.24275911
South Korea,2010,0.4958997
South Korea,2012,0.24928062
South Korea,2014,0.23564287
South Korea,2016,0.24729006
South Korea,2017,0.24032742
South Korea,2018,0.24876693
South Korea,2019,0
South Korea,2020,0
South Korea,2021,0
South Sudan,2009,34.54165
South Sudan,2016,67.32727
Spain,1980,0.4969268
Spain,1985,0.23731555
Spain,1990,0.4944265
Spain,1993,1.2375659
Spain,1994,0.9975268
Spain,1995,1.4823424
Spain,1996,1.4911164
Spain,1997,0.9859978
Spain,1998,0.95270455
Spain,1999,0.720118
Spain,2000,0.67538816
Spain,2003,0.8087511
Spain,2004,0.81765175
Spain,2005,0.7379749
Spain,2006,0.76963174
Spain,2007,0.36304086
Spain,2008,0.4889186
Spain,2009,0.80560046
Spain,2010,0.67572516
Spain,2011,1.1273297
Spain,2012,0.93659365
Spain,2013,1.136304
Spain,2014,0.7871572
Spain,2015,0.90352696
Spain,2016,1.1252797
Spain,2017,0.67809105
Spain,2018,0.8386145
Spain,2019,0.79381347
Spain,2020,0.8863663
Spain,2021,0.5642503
Sri Lanka,1985,17.183
Sri Lanka,1990,11.616388
Sri Lanka,1995,11.775274
Sri Lanka,2002,11.017083
Sri Lanka,2006,5.6293645
Sri Lanka,2009,3.4954607
Sri Lanka,2012,2.5871487
Sri Lanka,2016,1.2953176
Sri Lanka,2019,0.95861256
Sub-Saharan Africa (PIP),1990,54.623943
Sub-Saharan Africa (PIP),1991,56.051838
Sub-Saharan Africa (PIP),1992,57.07728
Sub-Saharan Africa (PIP),1993,58.16504
Sub-Saharan Africa (PIP),1994,58.486702
Sub-Saharan Africa (PIP),1995,58.04505
Sub-Saharan Africa (PIP),1996,57.403816
Sub-Saharan Africa (PIP),1997,56.957405
Sub-Saharan Africa (PIP),1998,56.73273
Sub-Saharan Africa (PIP),1999,56.375324
Sub-Saharan Africa (PIP),2000,55.977608
Sub-Saharan Africa (PIP),2001,55.015575
Sub-Saharan Africa (PIP),2002,54.36647
Sub-Saharan Africa (PIP),2003,53.210155
Sub-Saharan Africa (PIP),2004,50.41715
Sub-Saharan Africa (PIP),2005,48.702217
Sub-Saharan Africa (PIP),2006,47.159878
Sub-Saharan Africa (PIP),2007,46.022545
Sub-Saharan Africa (PIP),2008,44.479103
Sub-Saharan Africa (PIP),2009,43.910374
Sub-Saharan Africa (PIP),2010,42.12031
Sub-Saharan Africa (PIP),2011,40.977715
Sub-Saharan Africa (PIP),2012,39.765438
Sub-Saharan Africa (PIP),2013,38.86655
Sub-Saharan Africa (PIP),2014,38.099934
Sub-Saharan Africa (PIP),2015,38.19888
Sub-Saharan Africa (PIP),2016,37.9819
Sub-Saharan Africa (PIP),2017,37.453465
Sub-Saharan Africa (PIP),2018,36.874565
Sub-Saharan Africa (PIP),2019,36.659363
Sub-Saharan Africa (PIP),2020,37.934452
Sub-Saharan Africa (PIP),2021,37.613663
Sub-Saharan Africa (PIP),2022,36.988327
Sub-Saharan Africa (PIP),2023,36.917393
Sub-Saharan Africa (PIP),2024,36.452698
Sudan,2009,18.576168
Sudan,2014,15.26306
Suriname,2022,1.1043117
Suriname (urban),1999,18.417946
Sweden,1975,0.49898672
Sweden,1981,0.24968058
Sweden,1987,0.24625531
Sweden,1992,0.2435132
Sweden,1995,0.24724913
Sweden,2000,0
Sweden,2001,0.24867782
Sweden,2002,0
Sweden,2003,0.32370964
Sweden,2004,0.397172
Sweden,2005,1.0845832
Sweden,2006,0.36438262
Sweden,2007,0.41083917
Sweden,2008,0.5764025
Sweden,2009,0.45801592
Sweden,2010,0.5474092
Sweden,2011,0.6156513
Sweden,2012,0.45700213
Sweden,2013,0.65087146
Sweden,2014,0.47433352
Sweden,2015,0.5691551
Sweden,2016,0.26145265
Sweden,2017,0.24834995
Sweden,2018,0.72550684
Sweden,2019,0.3165186
Sweden,2020,0.38908952
Sweden,2021,0.6292847
Switzerland,1982,0.69740707
Switzerland,1992,0.49456292
Switzerland,2000,0
Switzerland,2002,0
Switzerland,2004,0
Switzerland,2006,0.046570357
Switzerland,2007,0.0208164
Switzerland,2008,0.068479605
Switzerland,2009,0.038057733
Switzerland,2010,0.048670206
Switzerland,2011,0.003111316
Switzerland,2012,0.008965495
Switzerland,2013,0.042183742
Switzerland,2014,0.032768063
Switzerland,2015,0.030542554
Switzerland,2016,0.03427533
Switzerland,2017,0
Switzerland,2018,0.03050398
Switzerland,2019,0.017386846
Switzerland,2020,0.037200913
Syria,1996,2.3783545
Syria,2003,1.0559967
Syria,2006,1.7859999
Syria,2009,1.225
Syria,2022,24.835932
Taiwan,1981,0
Taiwan,1986,0
Taiwan,1991,0
Taiwan,1995,0.49881068
Taiwan,1997,0
Taiwan,2000,0
Taiwan,2005,0
Taiwan,2007,0
Taiwan,2010,0.24100542
Taiwan,2013,0
Taiwan,2016,0
Taiwan,2017,0
Taiwan,2018,0
Taiwan,2019,0
Taiwan,2020,0
Taiwan,2021,0
Tajikistan,1999,61.962402
Tajikistan,2003,36.74976
Tajikistan,2004,21.35816
Tajikistan,2007,12.797472
Tajikistan,2009,6.792115
Tajikistan,2015,6.114529
Tanzania,1991,69.288864
Tanzania,2000,84.03533
Tanzania,2007,56.240715
Tanzania,2011,44.655464
Tanzania,2018,44.94932
Thailand,1981,22.728
Thailand,1988,17.636
Thailand,1990,12.345011
Thailand,1992,8.9950075
Thailand,1994,4.503987
Thailand,1996,3.0861952
Thailand,1998,2.175271
Thailand,1999,3.950531
Thailand,2000,3.9674916
Thailand,2002,1.7592947
Thailand,2004,1.1857115
Thailand,2006,0.92987514
Thailand,2007,0.54169595
Thailand,2008,0.30446866
Thailand,2009,0.24722661
Thailand,2010,0.26523823
Thailand,2011,0.07156153
Thailand,2012,0.11532052
Thailand,2013,0.060821895
Thailand,2014,0.090258256
Thailand,2015,0.04653752
Thailand,2016,0.0361475
Thailand,2017,0.03712679
Thailand,2018,0.032133956
Thailand,2019,0.0950376
Thailand,2020,0.046665337
Thailand,2021,0.013972186
Togo,2006,60.969154
Togo,2011,58.887207
Togo,2015,54.69216
Togo,2018,28.434795
Togo,2021,26.59183
Tonga,2000,3.0948093
Tonga,2009,1.2616102
Tonga,2015,1.7910179
Tonga,2021,0.01921559
Trinidad and Tobago,1988,0
Trinidad and Tobago,1992,1.343
Tunisia,1985,12.9539995
Tunisia,1990,9.29
Tunisia,1995,9.751
Tunisia,2000,4.318
Tunisia,2005,2.5680616
Tunisia,2010,1.4960226
Tunisia,2015,0.14006154
Tunisia,2021,0.27373365
Turkey,1987,0.87700003
Turkey,1994,2.5709999
Turkey,2002,2.1044152
Turkey,2003,3.8555894
Turkey,2004,2.0136497
Turkey,2005,2.3406663
Turkey,2006,1.7702271
Turkey,2007,1.3053389
Turkey,2008,0.56494784
Turkey,2009,0.72038996
Turkey,2010,0.77376914
Turkey,2011,0.12952742
Turkey,2012,0.09306085
Turkey,2013,0.29810533
Turkey,2014,0.20468259
Turkey,2015,0.21237287
Turkey,2016,0.20271698
Turkey,2017,0.30056062
Turkey,2018,0.35439268
Turkey,2019,0.45154127
Turkey,2020,0.47089854
Turkey,2021,0.44286466
Turkmenistan,1998,43.115105
Tuvalu,2010,3.625352
Uganda,1989,58.689
Uganda,1992,65.10545
Uganda,1996,63.94645
Uganda,1999,67.94519
Uganda,2002,66.02675
Uganda,2005,57.33955
Uganda,2009,45.898636
Uganda,2012,37.544044
Uganda,2016,42.861576
Uganda,2019,42.11563
Ukraine,1992,3.9067447
Ukraine,1993,1.9460162
Ukraine,1995,7.896
Ukraine,1996,7.2080126
Ukraine,2002,2.662997
Ukraine,2003,1.138516
Ukraine,2004,0.9296715
Ukraine,2005,0.3968115
Ukraine,2006,0.16045214
Ukraine,2007,0.10203078
Ukraine,2008,0.026821088
Ukraine,2009,0.06931827
Ukraine,2010,0.012536798
Ukraine,2011,0.011348583
Ukraine,2012,0.11384704
Ukraine,2013,0.004414646
Ukraine,2014,0.012276275
Ukraine,2015,0.12321677
Ukraine,2016,0.0983475
Ukraine,2017,0.03222395
Ukraine,2018,0.009935224
Ukraine,2019,0
Ukraine,2020,0.028825609
United Arab Emirates,2013,0
United Arab Emirates,2018,0
United Kingdom,1968,0.22279997
United Kingdom,1969,0.24375853
United Kingdom,1970,0
United Kingdom,1971,0
United Kingdom,1972,0.23006743
United Kingdom,1973,0
United Kingdom,1974,0.23836887
United Kingdom,1975,0.23684762
United Kingdom,1976,0
United Kingdom,1977,0.24468091
United Kingdom,1978,0
United Kingdom,1979,0
United Kingdom,1980,0
United Kingdom,1981,0
United Kingdom,1982,0
United Kingdom,1983,0
United Kingdom,1984,0
United Kingdom,1985,0.21794489
United Kingdom,1986,0.246679
United Kingdom,1987,0
United Kingdom,1988,0
United Kingdom,1989,0.23182261
United Kingdom,1990,0
United Kingdom,1991,0
United Kingdom,1992,0.24008574
United Kingdom,1993,0.24117
United Kingdom,1994,0.24662726
United Kingdom,1995,0.24714142
United Kingdom,1996,0.24636719
United Kingdom,1997,0.24725112
United Kingdom,1998,0.24555744
United Kingdom,1999,0.24853188
United Kingdom,2000,0.2488854
United Kingdom,2001,0.24793082
United Kingdom,2002,0.24940577
United Kingdom,2003,0.24987273
United Kingdom,2004,0.24976642
United Kingdom,2005,0.24664982
United Kingdom,2006,0.23013963
United Kingdom,2007,0.24377541
United Kingdom,2008,0.2468745
United Kingdom,2009,0.24892771
United Kingdom,2010,0.24635163
United Kingdom,2011,0.24730621
United Kingdom,2012,0.24467662
United Kingdom,2013,0.24445823
United Kingdom,2014,0.24630047
United Kingdom,2015,0.24924742
United Kingdom,2016,0.24917287
United Kingdom,2017,0.24929656
United Kingdom,2018,0.49848223
United Kingdom,2019,0.49803847
United Kingdom,2020,0.49933377
United Kingdom,2021,0.24510054
United States,1963,1.2488154
United States,1964,1.2425098
United States,1965,0.99959636
United States,1966,0.9982232
United States,1967,0.998477
United States,1968,0.7472127
United States,1969,0.4991601
United States,1970,0.99295706
United States,1971,0.747157
United States,1972,0.74866146
United States,1973,0.7495643
United States,1974,0.74715984
United States,1975,0.49715438
United States,1976,0.49868184
United States,1977,0.499499
United States,1978,0.499942
United States,1979,0.49982077
United States,1980,0.4995189
United States,1981,0.49927452
United States,1982,0.74773115
United States,1983,0.49979457
United States,1984,0.49553943
United States,1985,0.49709204
United States,1986,0.49619088
United States,1987,0.49927145
United States,1988,0.4992039
United States,1989,0.49920124
United States,1990,0.49714324
United States,1991,0.49938723
United States,1992,0.49789935
United States,1993,0.49965855
United States,1994,0.49979275
United States,1995,0.49998137
United States,1996,0.7485454
United States,1997,0.74906164
United States,1998,0.7488341
United States,1999,0.74805623
United States,2000,0.74959534
United States,2001,0.7493069
United States,2002,0.74891585
United States,2003,0.9974198
United States,2004,0.9998821
United States,2005,0.99973184
United States,2006,0.9989091
United States,2007,0.99989045
United States,2008,0.99974924
United States,2009,0.9993861
United States,2010,0.99972683
United States,2011,0.9989762
United States,2012,0.99847966
United States,2013,0.99546385
United States,2014,1.2489468
United States,2015,1.2491881
United States,2016,0.9993911
United States,2017,1.2499229
United States,2018,0.9997919
United States,2019,0.99917054
United States,2020,0.24997409
United States,2021,0.24871896
United States,2022,1.2491857
Uruguay,2006,0.5640882
Uruguay,2007,0.38097277
Uruguay,2008,0.22757798
Uruguay,2009,0.28220025
Uruguay,2010,0.16911623
Uruguay,2011,0.13941857
Uruguay,2012,0.1693853
Uruguay,2013,0.17424801
Uruguay,2014,0.15346177
Uruguay,2015,0.14976595
Uruguay,2016,0.09227166
Uruguay,2017,0.06634591
Uruguay,2018,0.055849954
Uruguay,2019,0.102072
Uruguay,2020,0.20679526
Uruguay,2021,0.112155
Uruguay,2022,0.15517578
Uruguay (urban),1981,0
Uruguay (urban),1989,0.6781315
Uruguay (urban),1992,0.5608615
Uruguay (urban),1995,0.5344624
Uruguay (urban),1996,0.59042615
Uruguay (urban),1997,0.5678494
Uruguay (urban),1998,0.6430772
Uruguay (urban),2000,0.6551623
Uruguay (urban),2001,0.49742898
Uruguay (urban),2002,0.6346368
Uruguay (urban),2003,0.8112068
Uruguay (urban),2004,1.0326413
Uruguay (urban),2005,0.8616673
Uzbekistan,1998,58.80824
Uzbekistan,2000,81.34299
Uzbekistan,2002,80.46969
Uzbekistan,2003,81.503525
Uzbekistan,2022,2.2530925
Vanuatu,2010,14.650419
Vanuatu,2019,9.963333
Venezuela,1981,6.68
Venezuela,1987,7.0309997
Venezuela,1989,5.318249
Venezuela,1992,4.5260434
Venezuela,1995,9.928085
Venezuela,1998,10.43187
Venezuela,1999,11.833123
Venezuela,2001,10.2914915
Venezuela,2002,16.381353
Venezuela,2003,19.652534
Venezuela,2004,16.60901
Venezuela,2005,14.35571
Venezuela,2006,7.1300364
Vietnam,1992,45.069004
Vietnam,1997,24.38948
Vietnam,2002,29.939255
Vietnam,2004,20.142012
Vietnam,2006,14.901668
Vietnam,2008,11.139827
Vietnam,2010,2.8704822
Vietnam,2012,1.6601624
Vietnam,2014,1.9120458
Vietnam,2016,1.2634453
Vietnam,2018,1.2314411
Vietnam,2020,0.6537779
Vietnam,2022,0.9637949
Western and Central Africa (PIP),1990,55.19955
Western and Central Africa (PIP),1991,56.62331
Western and Central Africa (PIP),1992,57.187717
Western and Central Africa (PIP),1993,58.228374
Western and Central Africa (PIP),1994,58.74343
Western and Central Africa (PIP),1995,58.819443
Western and Central Africa (PIP),1996,58.58892
Western and Central Africa (PIP),1997,57.710136
Western and Central Africa (PIP),1998,56.90996
Western and Central Africa (PIP),1999,56.066765
Western and Central Africa (PIP),2000,55.42714
Western and Central Africa (PIP),2001,53.712242
Western and Central Africa (PIP),2002,51.114834
Western and Central Africa (PIP),2003,49.668503
Western and Central Africa (PIP),2004,47.68289
Western and Central Africa (PIP),2005,46.52171
Western and Central Africa (PIP),2006,45.468506
Western and Central Africa (PIP),2007,44.528942
Western and Central Africa (PIP),2008,42.50965
Western and Central Africa (PIP),2009,41.488827
Western and Central Africa (PIP),2010,39.091118
Western and Central Africa (PIP),2011,38.173847
Western and Central Africa (PIP),2012,36.14541
Western and Central Africa (PIP),2013,34.759586
Western and Central Africa (PIP),2014,33.087112
Western and Central Africa (PIP),2015,33.032955
Western and Central Africa (PIP),2016,31.75957
Western and Central Africa (PIP),2017,29.942915
Western and Central Africa (PIP),2018,28.2236
Western and Central Africa (PIP),2019,27.263
Western and Central Africa (PIP),2020,28.30967
Western and Central Africa (PIP),2021,27.928606
Western and Central Africa (PIP),2022,27.320498
Western and Central Africa (PIP),2023,27.011112
Western and Central Africa (PIP),2024,26.530159
World,1990,37.87023
World,1991,37.36523
World,1992,36.623978
World,1993,36.142628
World,1994,34.18242
World,1995,32.508305
World,1996,31.011244
World,1997,30.784607
World,1998,31.13193
World,1999,30.21788
World,2000,29.28814
World,2001,28.345945
World,2002,26.834557
World,2003,25.25718
World,2004,23.345062
World,2005,21.499578
World,2006,20.50733
World,2007,19.194946
World,2008,18.302
World,2009,17.41682
World,2010,15.677831
World,2011,13.897983
World,2012,12.9269705
World,2013,11.522181
World,2014,11.001393
World,2015,10.513923
World,2016,10.209887
World,2017,9.351074
World,2018,8.708571
World,2019,8.83045
World,2020,9.681396
World,2021,9.452808
World,2022,8.964803
World,2023,8.791051
World,2024,8.5450115
World (excluding China),1990,28.56321
World (excluding China),1991,28.407013
World (excluding China),1992,28.164663
World (excluding China),1993,28.222612
World (excluding China),1994,27.644487
World (excluding China),1995,27.097305
World (excluding China),1996,26.45969
World (excluding China),1997,26.411152
World (excluding China),1998,27.040302
World (excluding China),1999,26.072084
World (excluding China),2000,25.74162
World (excluding China),2001,25.349358
World (excluding China),2002,24.273962
World (excluding China),2003,23.561777
World (excluding China),2004,22.383028
World (excluding China),2005,21.312098
World (excluding China),2006,20.526066
World (excluding China),2007,19.379652
World (excluding China),2008,18.552162
World (excluding China),2009,17.91953
World (excluding China),2010,16.223711
World (excluding China),2011,14.827594
World (excluding China),2012,14.00588
World (excluding China),2013,13.576585
World (excluding China),2014,13.137632
World (excluding China),2015,12.793
World (excluding China),2016,12.513306
World (excluding China),2017,11.463635
World (excluding China),2018,10.66076
World (excluding China),2019,10.793028
World (excluding China),2020,11.81296
World (excluding China),2021,11.514401
World (excluding China),2022,10.900927
World (excluding China),2023,10.668939
World (excluding China),2024,10.349546
World (excluding India),1990,35.59056
World (excluding India),1991,35.022606
World (excluding India),1992,34.207294
World (excluding India),1993,33.718716
World (excluding India),1994,31.470024
World (excluding India),1995,29.591972
World (excluding India),1996,27.954527
World (excluding India),1997,27.729876
World (excluding India),1998,28.236988
World (excluding India),1999,27.332851
World (excluding India),2000,26.27794
World (excluding India),2001,25.181616
World (excluding India),2002,23.378794
World (excluding India),2003,21.622982
World (excluding India),2004,19.523634
World (excluding India),2005,17.582994
World (excluding India),2006,16.71474
World (excluding India),2007,15.45244
World (excluding India),2008,14.535664
World (excluding India),2009,13.74342
World (excluding India),2010,12.752204
World (excluding India),2011,11.579238
World (excluding India),2012,10.834908
World (excluding India),2013,9.326417
World (excluding India),2014,8.946478
World (excluding India),2015,8.641945
World (excluding India),2016,8.458333
World (excluding India),2017,8.248478
World (excluding India),2018,8.121551
World (excluding India),2019,8.106052
World (excluding India),2020,8.425891
World (excluding India),2021,8.52885
World (excluding India),2022,8.384091
World (excluding India),2023,8.464807
World (excluding India),2024,8.4574795
Yemen,1998,8.098642
Yemen,2005,10.542901
Yemen,2014,19.802757
Zambia,1991,57.4386
Zambia,1993,59.056004
Zambia,1996,46.773384
Zambia,1998,47.22561
Zambia,2002,56.388855
Zambia,2004,61.062454
Zambia,2006,64.69803
Zambia,2010,64.4019
Zambia,2015,60.793095
Zambia,2022,64.349754
Zimbabwe,2011,21.58
Zimbabwe,2017,34.206043
Zimbabwe,2019,39.75453
